CodigoEstacion,NombreEstacion,Latitud,Longitud,Altitud,Categoria,Entidad,AreaOperativa,Departamento,Municipio,FechaInstalacion,FechaSuspension,IdParametro,Etiqueta,DescripcionSerie,Frecuencia,Fecha,Valor,Grado,Calificador,NivelAprobacion
24037390,CAPITANEJO [24037390],6.5132080560,-72.69545306,1160,Limnimétrica,INSTITUTO DE HIDROLOGIA METEOROLOGIA Y ESTUDIOS AMBIENTALES,Area Operativa 06 - Boyacá-Casanare-Vichada,Santander,Capitanejo,15/06/1974 00:00,,PRECIPITACION,PTPM_TT_M,Precipitación total mensual,Mensual,1951-04-01 00:00,58.7,4,,900
24037390,CAPITANEJO [24037390],6.5132080560,-72.69545306,1160,Limnimétrica,INSTITUTO DE HIDROLOGIA METEOROLOGIA Y ESTUDIOS AMBIENTALES,Area Operativa 06 - Boyacá-Casanare-Vichada,Santander,Capitanejo,15/06/1974 00:00,,PRECIPITACION,PTPM_TT_M,Precipitación total mensual,Mensual,1951-05-01 00:00,69.5,50,,900
24037390,CAPITANEJO [24037390],6.5132080560,-72.69545306,1160,Limnimétrica,INSTITUTO DE HIDROLOGIA METEOROLOGIA Y ESTUDIOS AMBIENTALES,Area Operativa 06 - Boyacá-Casanare-Vichada,Santander,Capitanejo,15/06/1974 00:00,,PRECIPITACION,PTPM_TT_M,Precipitación total mensual,Mensual,1951-06-01 00:00,70.7,50,,900
24037390,CAPITANEJO [24037390],6.5132080560,-72.69545306,1160,Limnimétrica,INSTITUTO DE HIDROLOGIA METEOROLOGIA Y ESTUDIOS AMBIENTALES,Area Operativa 06 - Boyacá-Casanare-Vichada,Santander,Capitanejo,15/06/1974 00:00,,PRECIPITACION,PTPM_TT_M,Precipitación total mensual,Mensual,1951-07-01 00:00,38.5,50,,900
24037390,CAPITANEJO [24037390],6.5132080560,-72.69545306,1160,Limnimétrica,INSTITUTO DE HIDROLOGIA METEOROLOGIA Y ESTUDIOS AMBIENTALES,Area Operativa 06 - Boyacá-Casanare-Vichada,Santander,Capitanejo,15/06/1974 00:00,,PRECIPITACION,PTPM_TT_M,Precipitación total mensual,Mensual,1951-08-01 00:00,90,50,,900
24037390,CAPITANEJO [24037390],6.5132080560,-72.69545306,1160,Limnimétrica,INSTITUTO DE HIDROLOGIA METEOROLOGIA Y ESTUDIOS AMBIENTALES,Area Operativa 06 - Boyacá-Casanare-Vichada,Santander,Capitanejo,15/06/1974 00:00,,PRECIPITACION,PTPM_TT_M,Precipitación total mensual,Mensual,1951-09-01 00:00,90.5,50,,900
24037390,CAPITANEJO [24037390],6.5132080560,-72.69545306,1160,Limnimétrica,INSTITUTO DE HIDROLOGIA METEOROLOGIA Y ESTUDIOS AMBIENTALES,Area Operativa 06 - Boyacá-Casanare-Vichada,Santander,Capitanejo,15/06/1974 00:00,,PRECIPITACION,PTPM_TT_M,Precipitación total mensual,Mensual,1951-10-01 00:00,93.5,50,,900
24037390,CAPITANEJO [24037390],6.5132080560,-72.69545306,1160,Limnimétrica,INSTITUTO DE HIDROLOGIA METEOROLOGIA Y ESTUDIOS AMBIENTALES,Area Operativa 06 - Boyacá-Casanare-Vichada,Santander,Capitanejo,15/06/1974 00:00,,PRECIPITACION,PTPM_TT_M,Precipitación total mensual,Mensual,1951-11-01 00:00,86.5,50,,900
24037390,CAPITANEJO [24037390],6.5132080560,-72.69545306,1160,Limnimétrica,INSTITUTO DE HIDROLOGIA METEOROLOGIA Y ESTUDIOS AMBIENTALES,Area Operativa 06 - Boyacá-Casanare-Vichada,Santander,Capitanejo,15/06/1974 00:00,,PRECIPITACION,PTPM_TT_M,Precipitación total mensual,Mensual,1951-12-01 00:00,25,50,,900
24037390,CAPITANEJO [24037390],6.5132080560,-72.69545306,1160,Limnimétrica,INSTITUTO DE HIDROLOGIA METEOROLOGIA Y ESTUDIOS AMBIENTALES,Area Operativa 06 - Boyacá-Casanare-Vichada,Santander,Capitanejo,15/06/1974 00:00,,PRECIPITACION,PTPM_TT_M,Precipitación total mensual,Mensual,1952-01-01 00:00,10,50,,900
24037390,CAPITANEJO [24037390],6.5132080560,-72.69545306,1160,Limnimétrica,INSTITUTO DE HIDROLOGIA METEOROLOGIA Y ESTUDIOS AMBIENTALES,Area Operativa 06 - Boyacá-Casanare-Vichada,Santander,Capitanejo,15/06/1974 00:00,,PRECIPITACION,PTPM_TT_M,Precipitación total mensual,Mensual,1952-02-01 00:00,0,50,,900
24037390,CAPITANEJO [24037390],6.5132080560,-72.69545306,1160,Limnimétrica,INSTITUTO DE HIDROLOGIA METEOROLOGIA Y ESTUDIOS AMBIENTALES,Area Operativa 06 - Boyacá-Casanare-Vichada,Santander,Capitanejo,15/06/1974 00:00,,PRECIPITACION,PTPM_TT_M,Precipitación total mensual,Mensual,1952-03-01 00:00,7,50,,900
24037390,CAPITANEJO [24037390],6.5132080560,-72.69545306,1160,Limnimétrica,INSTITUTO DE HIDROLOGIA METEOROLOGIA Y ESTUDIOS AMBIENTALES,Area Operativa 06 - Boyacá-Casanare-Vichada,Santander,Capitanejo,15/06/1974 00:00,,PRECIPITACION,PTPM_TT_M,Precipitación total mensual,Mensual,1952-04-01 00:00,109.5,50,,900
24037390,CAPITANEJO [24037390],6.5132080560,-72.69545306,1160,Limnimétrica,INSTITUTO DE HIDROLOGIA METEOROLOGIA Y ESTUDIOS AMBIENTALES,Area Operativa 06 - Boyacá-Casanare-Vichada,Santander,Capitanejo,15/06/1974 00:00,,PRECIPITACION,PTPM_TT_M,Precipitación total mensual,Mensual,1952-05-01 00:00,63,50,,900
24037390,CAPITANEJO [24037390],6.5132080560,-72.69545306,1160,Limnimétrica,INSTITUTO DE HIDROLOGIA METEOROLOGIA Y ESTUDIOS AMBIENTALES,Area Operativa 06 - Boyacá-Casanare-Vichada,Santander,Capitanejo,15/06/1974 00:00,,PRECIPITACION,PTPM_TT_M,Precipitación total mensual,Mensual,1952-06-01 00:00,63,50,,900
24037390,CAPITANEJO [24037390],6.5132080560,-72.69545306,1160,Limnimétrica,INSTITUTO DE HIDROLOGIA METEOROLOGIA Y ESTUDIOS AMBIENTALES,Area Operativa 06 - Boyacá-Casanare-Vichada,Santander,Capitanejo,15/06/1974 00:00,,PRECIPITACION,PTPM_TT_M,Precipitación total mensual,Mensual,1952-07-01 00:00,43.5,50,,900
24037390,CAPITANEJO [24037390],6.5132080560,-72.69545306,1160,Limnimétrica,INSTITUTO DE HIDROLOGIA METEOROLOGIA Y ESTUDIOS AMBIENTALES,Area Operativa 06 - Boyacá-Casanare-Vichada,Santander,Capitanejo,15/06/1974 00:00,,PRECIPITACION,PTPM_TT_M,Precipitación total mensual,Mensual,1952-08-01 00:00,63.5,50,,900
24037390,CAPITANEJO [24037390],6.5132080560,-72.69545306,1160,Limnimétrica,INSTITUTO DE HIDROLOGIA METEOROLOGIA Y ESTUDIOS AMBIENTALES,Area Operativa 06 - Boyacá-Casanare-Vichada,Santander,Capitanejo,15/06/1974 00:00,,PRECIPITACION,PTPM_TT_M,Precipitación total mensual,Mensual,1952-09-01 00:00,49,50,,900
24037390,CAPITANEJO [24037390],6.5132080560,-72.69545306,1160,Limnimétrica,INSTITUTO DE HIDROLOGIA METEOROLOGIA Y ESTUDIOS AMBIENTALES,Area Operativa 06 - Boyacá-Casanare-Vichada,Santander,Capitanejo,15/06/1974 00:00,,PRECIPITACION,PTPM_TT_M,Precipitación total mensual,Mensual,1952-10-01 00:00,41.5,50,,900
24037390,CAPITANEJO [24037390],6.5132080560,-72.69545306,1160,Limnimétrica,INSTITUTO DE HIDROLOGIA METEOROLOGIA Y ESTUDIOS AMBIENTALES,Area Operativa 06 - Boyacá-Casanare-Vichada,Santander,Capitanejo,15/06/1974 00:00,,PRECIPITACION,PTPM_TT_M,Precipitación total mensual,Mensual,1952-11-01 00:00,52,50,,900
24037390,CAPITANEJO [24037390],6.5132080560,-72.69545306,1160,Limnimétrica,INSTITUTO DE HIDROLOGIA METEOROLOGIA Y ESTUDIOS AMBIENTALES,Area Operativa 06 - Boyacá-Casanare-Vichada,Santander,Capitanejo,15/06/1974 00:00,,PRECIPITACION,PTPM_TT_M,Precipitación total mensual,Mensual,1952-12-01 00:00,5,50,,900
24037390,CAPITANEJO [24037390],6.5132080560,-72.69545306,1160,Limnimétrica,INSTITUTO DE HIDROLOGIA METEOROLOGIA Y ESTUDIOS AMBIENTALES,Area Operativa 06 - Boyacá-Casanare-Vichada,Santander,Capitanejo,15/06/1974 00:00,,PRECIPITACION,PTPM_TT_M,Precipitación total mensual,Mensual,1953-01-01 00:00,22,50,,900
24037390,CAPITANEJO [24037390],6.5132080560,-72.69545306,1160,Limnimétrica,INSTITUTO DE HIDROLOGIA METEOROLOGIA Y ESTUDIOS AMBIENTALES,Area Operativa 06 - Boyacá-Casanare-Vichada,Santander,Capitanejo,15/06/1974 00:00,,PRECIPITACION,PTPM_TT_M,Precipitación total mensual,Mensual,1953-02-01 00:00,30,50,,900
24037390,CAPITANEJO [24037390],6.5132080560,-72.69545306,1160,Limnimétrica,INSTITUTO DE HIDROLOGIA METEOROLOGIA Y ESTUDIOS AMBIENTALES,Area Operativa 06 - Boyacá-Casanare-Vichada,Santander,Capitanejo,15/06/1974 00:00,,PRECIPITACION,PTPM_TT_M,Precipitación total mensual,Mensual,1953-03-01 00:00,66,50,,900
24037390,CAPITANEJO [24037390],6.5132080560,-72.69545306,1160,Limnimétrica,INSTITUTO DE HIDROLOGIA METEOROLOGIA Y ESTUDIOS AMBIENTALES,Area Operativa 06 - Boyacá-Casanare-Vichada,Santander,Capitanejo,15/06/1974 00:00,,PRECIPITACION,PTPM_TT_M,Precipitación total mensual,Mensual,1953-04-01 00:00,63,50,,900
24037390,CAPITANEJO [24037390],6.5132080560,-72.69545306,1160,Limnimétrica,INSTITUTO DE HIDROLOGIA METEOROLOGIA Y ESTUDIOS AMBIENTALES,Area Operativa 06 - Boyacá-Casanare-Vichada,Santander,Capitanejo,15/06/1974 00:00,,PRECIPITACION,PTPM_TT_M,Precipitación total mensual,Mensual,1953-05-01 00:00,163,50,,900
24037390,CAPITANEJO [24037390],6.5132080560,-72.69545306,1160,Limnimétrica,INSTITUTO DE HIDROLOGIA METEOROLOGIA Y ESTUDIOS AMBIENTALES,Area Operativa 06 - Boyacá-Casanare-Vichada,Santander,Capitanejo,15/06/1974 00:00,,PRECIPITACION,PTPM_TT_M,Precipitación total mensual,Mensual,1953-06-01 00:00,69,50,,900
24037390,CAPITANEJO [24037390],6.5132080560,-72.69545306,1160,Limnimétrica,INSTITUTO DE HIDROLOGIA METEOROLOGIA Y ESTUDIOS AMBIENTALES,Area Operativa 06 - Boyacá-Casanare-Vichada,Santander,Capitanejo,15/06/1974 00:00,,PRECIPITACION,PTPM_TT_M,Precipitación total mensual,Mensual,1953-07-01 00:00,20,50,,900
24037390,CAPITANEJO [24037390],6.5132080560,-72.69545306,1160,Limnimétrica,INSTITUTO DE HIDROLOGIA METEOROLOGIA Y ESTUDIOS AMBIENTALES,Area Operativa 06 - Boyacá-Casanare-Vichada,Santander,Capitanejo,15/06/1974 00:00,,PRECIPITACION,PTPM_TT_M,Precipitación total mensual,Mensual,1953-08-01 00:00,24.5,50,,900
24037390,CAPITANEJO [24037390],6.5132080560,-72.69545306,1160,Limnimétrica,INSTITUTO DE HIDROLOGIA METEOROLOGIA Y ESTUDIOS AMBIENTALES,Area Operativa 06 - Boyacá-Casanare-Vichada,Santander,Capitanejo,15/06/1974 00:00,,PRECIPITACION,PTPM_TT_M,Precipitación total mensual,Mensual,1953-09-01 00:00,77,50,,900
24037390,CAPITANEJO [24037390],6.5132080560,-72.69545306,1160,Limnimétrica,INSTITUTO DE HIDROLOGIA METEOROLOGIA Y ESTUDIOS AMBIENTALES,Area Operativa 06 - Boyacá-Casanare-Vichada,Santander,Capitanejo,15/06/1974 00:00,,PRECIPITACION,PTPM_TT_M,Precipitación total mensual,Mensual,1953-10-01 00:00,130,50,,900
24037390,CAPITANEJO [24037390],6.5132080560,-72.69545306,1160,Limnimétrica,INSTITUTO DE HIDROLOGIA METEOROLOGIA Y ESTUDIOS AMBIENTALES,Area Operativa 06 - Boyacá-Casanare-Vichada,Santander,Capitanejo,15/06/1974 00:00,,PRECIPITACION,PTPM_TT_M,Precipitación total mensual,Mensual,1953-11-01 00:00,107.5,50,,900
24037390,CAPITANEJO [24037390],6.5132080560,-72.69545306,1160,Limnimétrica,INSTITUTO DE HIDROLOGIA METEOROLOGIA Y ESTUDIOS AMBIENTALES,Area Operativa 06 - Boyacá-Casanare-Vichada,Santander,Capitanejo,15/06/1974 00:00,,PRECIPITACION,PTPM_TT_M,Precipitación total mensual,Mensual,1953-12-01 00:00,15,50,,900
24037390,CAPITANEJO [24037390],6.5132080560,-72.69545306,1160,Limnimétrica,INSTITUTO DE HIDROLOGIA METEOROLOGIA Y ESTUDIOS AMBIENTALES,Area Operativa 06 - Boyacá-Casanare-Vichada,Santander,Capitanejo,15/06/1974 00:00,,PRECIPITACION,PTPM_TT_M,Precipitación total mensual,Mensual,1954-01-01 00:00,8,50,,900
24037390,CAPITANEJO [24037390],6.5132080560,-72.69545306,1160,Limnimétrica,INSTITUTO DE HIDROLOGIA METEOROLOGIA Y ESTUDIOS AMBIENTALES,Area Operativa 06 - Boyacá-Casanare-Vichada,Santander,Capitanejo,15/06/1974 00:00,,PRECIPITACION,PTPM_TT_M,Precipitación total mensual,Mensual,1954-02-01 00:00,21,50,,900
24037390,CAPITANEJO [24037390],6.5132080560,-72.69545306,1160,Limnimétrica,INSTITUTO DE HIDROLOGIA METEOROLOGIA Y ESTUDIOS AMBIENTALES,Area Operativa 06 - Boyacá-Casanare-Vichada,Santander,Capitanejo,15/06/1974 00:00,,PRECIPITACION,PTPM_TT_M,Precipitación total mensual,Mensual,1954-03-01 00:00,12,50,,900
24037390,CAPITANEJO [24037390],6.5132080560,-72.69545306,1160,Limnimétrica,INSTITUTO DE HIDROLOGIA METEOROLOGIA Y ESTUDIOS AMBIENTALES,Area Operativa 06 - Boyacá-Casanare-Vichada,Santander,Capitanejo,15/06/1974 00:00,,PRECIPITACION,PTPM_TT_M,Precipitación total mensual,Mensual,1954-04-01 00:00,115,50,,900
24037390,CAPITANEJO [24037390],6.5132080560,-72.69545306,1160,Limnimétrica,INSTITUTO DE HIDROLOGIA METEOROLOGIA Y ESTUDIOS AMBIENTALES,Area Operativa 06 - Boyacá-Casanare-Vichada,Santander,Capitanejo,15/06/1974 00:00,,PRECIPITACION,PTPM_TT_M,Precipitación total mensual,Mensual,1954-05-01 00:00,89.5,50,,900
24037390,CAPITANEJO [24037390],6.5132080560,-72.69545306,1160,Limnimétrica,INSTITUTO DE HIDROLOGIA METEOROLOGIA Y ESTUDIOS AMBIENTALES,Area Operativa 06 - Boyacá-Casanare-Vichada,Santander,Capitanejo,15/06/1974 00:00,,PRECIPITACION,PTPM_TT_M,Precipitación total mensual,Mensual,1954-06-01 00:00,118,50,,900
24037390,CAPITANEJO [24037390],6.5132080560,-72.69545306,1160,Limnimétrica,INSTITUTO DE HIDROLOGIA METEOROLOGIA Y ESTUDIOS AMBIENTALES,Area Operativa 06 - Boyacá-Casanare-Vichada,Santander,Capitanejo,15/06/1974 00:00,,PRECIPITACION,PTPM_TT_M,Precipitación total mensual,Mensual,1955-02-01 00:00,17.4,50,,900
24037390,CAPITANEJO [24037390],6.5132080560,-72.69545306,1160,Limnimétrica,INSTITUTO DE HIDROLOGIA METEOROLOGIA Y ESTUDIOS AMBIENTALES,Area Operativa 06 - Boyacá-Casanare-Vichada,Santander,Capitanejo,15/06/1974 00:00,,PRECIPITACION,PTPM_TT_M,Precipitación total mensual,Mensual,1955-03-01 00:00,71.7,50,,900
24037390,CAPITANEJO [24037390],6.5132080560,-72.69545306,1160,Limnimétrica,INSTITUTO DE HIDROLOGIA METEOROLOGIA Y ESTUDIOS AMBIENTALES,Area Operativa 06 - Boyacá-Casanare-Vichada,Santander,Capitanejo,15/06/1974 00:00,,PRECIPITACION,PTPM_TT_M,Precipitación total mensual,Mensual,1955-04-01 00:00,100.3,50,,900
24037390,CAPITANEJO [24037390],6.5132080560,-72.69545306,1160,Limnimétrica,INSTITUTO DE HIDROLOGIA METEOROLOGIA Y ESTUDIOS AMBIENTALES,Area Operativa 06 - Boyacá-Casanare-Vichada,Santander,Capitanejo,15/06/1974 00:00,,PRECIPITACION,PTPM_TT_M,Precipitación total mensual,Mensual,1955-05-01 00:00,78.7,50,,900
24037390,CAPITANEJO [24037390],6.5132080560,-72.69545306,1160,Limnimétrica,INSTITUTO DE HIDROLOGIA METEOROLOGIA Y ESTUDIOS AMBIENTALES,Area Operativa 06 - Boyacá-Casanare-Vichada,Santander,Capitanejo,15/06/1974 00:00,,PRECIPITACION,PTPM_TT_M,Precipitación total mensual,Mensual,1955-06-01 00:00,82.5,50,,900
24037390,CAPITANEJO [24037390],6.5132080560,-72.69545306,1160,Limnimétrica,INSTITUTO DE HIDROLOGIA METEOROLOGIA Y ESTUDIOS AMBIENTALES,Area Operativa 06 - Boyacá-Casanare-Vichada,Santander,Capitanejo,15/06/1974 00:00,,PRECIPITACION,PTPM_TT_M,Precipitación total mensual,Mensual,1955-07-01 00:00,53.3,50,,900
24037390,CAPITANEJO [24037390],6.5132080560,-72.69545306,1160,Limnimétrica,INSTITUTO DE HIDROLOGIA METEOROLOGIA Y ESTUDIOS AMBIENTALES,Area Operativa 06 - Boyacá-Casanare-Vichada,Santander,Capitanejo,15/06/1974 00:00,,PRECIPITACION,PTPM_TT_M,Precipitación total mensual,Mensual,1955-09-01 00:00,94,50,,900
24037390,CAPITANEJO [24037390],6.5132080560,-72.69545306,1160,Limnimétrica,INSTITUTO DE HIDROLOGIA METEOROLOGIA Y ESTUDIOS AMBIENTALES,Area Operativa 06 - Boyacá-Casanare-Vichada,Santander,Capitanejo,15/06/1974 00:00,,PRECIPITACION,PTPM_TT_M,Precipitación total mensual,Mensual,1955-10-01 00:00,128.8,50,,900
24037390,CAPITANEJO [24037390],6.5132080560,-72.69545306,1160,Limnimétrica,INSTITUTO DE HIDROLOGIA METEOROLOGIA Y ESTUDIOS AMBIENTALES,Area Operativa 06 - Boyacá-Casanare-Vichada,Santander,Capitanejo,15/06/1974 00:00,,PRECIPITACION,PTPM_TT_M,Precipitación total mensual,Mensual,1955-11-01 00:00,57.1,50,,900
24037390,CAPITANEJO [24037390],6.5132080560,-72.69545306,1160,Limnimétrica,INSTITUTO DE HIDROLOGIA METEOROLOGIA Y ESTUDIOS AMBIENTALES,Area Operativa 06 - Boyacá-Casanare-Vichada,Santander,Capitanejo,15/06/1974 00:00,,PRECIPITACION,PTPM_TT_M,Precipitación total mensual,Mensual,1956-01-01 00:00,15.2,4,,900
24037390,CAPITANEJO [24037390],6.5132080560,-72.69545306,1160,Limnimétrica,INSTITUTO DE HIDROLOGIA METEOROLOGIA Y ESTUDIOS AMBIENTALES,Area Operativa 06 - Boyacá-Casanare-Vichada,Santander,Capitanejo,15/06/1974 00:00,,PRECIPITACION,PTPM_TT_M,Precipitación total mensual,Mensual,1956-02-01 00:00,56,50,,900
24037390,CAPITANEJO [24037390],6.5132080560,-72.69545306,1160,Limnimétrica,INSTITUTO DE HIDROLOGIA METEOROLOGIA Y ESTUDIOS AMBIENTALES,Area Operativa 06 - Boyacá-Casanare-Vichada,Santander,Capitanejo,15/06/1974 00:00,,PRECIPITACION,PTPM_TT_M,Precipitación total mensual,Mensual,1956-03-01 00:00,29.2,50,,900
24037390,CAPITANEJO [24037390],6.5132080560,-72.69545306,1160,Limnimétrica,INSTITUTO DE HIDROLOGIA METEOROLOGIA Y ESTUDIOS AMBIENTALES,Area Operativa 06 - Boyacá-Casanare-Vichada,Santander,Capitanejo,15/06/1974 00:00,,PRECIPITACION,PTPM_TT_M,Precipitación total mensual,Mensual,1956-04-01 00:00,40.7,50,,900
24037390,CAPITANEJO [24037390],6.5132080560,-72.69545306,1160,Limnimétrica,INSTITUTO DE HIDROLOGIA METEOROLOGIA Y ESTUDIOS AMBIENTALES,Area Operativa 06 - Boyacá-Casanare-Vichada,Santander,Capitanejo,15/06/1974 00:00,,PRECIPITACION,PTPM_TT_M,Precipitación total mensual,Mensual,1956-05-01 00:00,63.4,50,,900
24037390,CAPITANEJO [24037390],6.5132080560,-72.69545306,1160,Limnimétrica,INSTITUTO DE HIDROLOGIA METEOROLOGIA Y ESTUDIOS AMBIENTALES,Area Operativa 06 - Boyacá-Casanare-Vichada,Santander,Capitanejo,15/06/1974 00:00,,PRECIPITACION,PTPM_TT_M,Precipitación total mensual,Mensual,1956-06-01 00:00,15.1,50,,900
24037390,CAPITANEJO [24037390],6.5132080560,-72.69545306,1160,Limnimétrica,INSTITUTO DE HIDROLOGIA METEOROLOGIA Y ESTUDIOS AMBIENTALES,Area Operativa 06 - Boyacá-Casanare-Vichada,Santander,Capitanejo,15/06/1974 00:00,,PRECIPITACION,PTPM_TT_M,Precipitación total mensual,Mensual,1956-07-01 00:00,26.7,50,,900
24037390,CAPITANEJO [24037390],6.5132080560,-72.69545306,1160,Limnimétrica,INSTITUTO DE HIDROLOGIA METEOROLOGIA Y ESTUDIOS AMBIENTALES,Area Operativa 06 - Boyacá-Casanare-Vichada,Santander,Capitanejo,15/06/1974 00:00,,PRECIPITACION,PTPM_TT_M,Precipitación total mensual,Mensual,1956-08-01 00:00,28,50,,900
24037390,CAPITANEJO [24037390],6.5132080560,-72.69545306,1160,Limnimétrica,INSTITUTO DE HIDROLOGIA METEOROLOGIA Y ESTUDIOS AMBIENTALES,Area Operativa 06 - Boyacá-Casanare-Vichada,Santander,Capitanejo,15/06/1974 00:00,,PRECIPITACION,PTPM_TT_M,Precipitación total mensual,Mensual,1956-09-01 00:00,43.1,50,,900
24037390,CAPITANEJO [24037390],6.5132080560,-72.69545306,1160,Limnimétrica,INSTITUTO DE HIDROLOGIA METEOROLOGIA Y ESTUDIOS AMBIENTALES,Area Operativa 06 - Boyacá-Casanare-Vichada,Santander,Capitanejo,15/06/1974 00:00,,PRECIPITACION,PTPM_TT_M,Precipitación total mensual,Mensual,1956-10-01 00:00,92.6,50,,900
24037390,CAPITANEJO [24037390],6.5132080560,-72.69545306,1160,Limnimétrica,INSTITUTO DE HIDROLOGIA METEOROLOGIA Y ESTUDIOS AMBIENTALES,Area Operativa 06 - Boyacá-Casanare-Vichada,Santander,Capitanejo,15/06/1974 00:00,,PRECIPITACION,PTPM_TT_M,Precipitación total mensual,Mensual,1956-11-01 00:00,59.7,50,,900
24037390,CAPITANEJO [24037390],6.5132080560,-72.69545306,1160,Limnimétrica,INSTITUTO DE HIDROLOGIA METEOROLOGIA Y ESTUDIOS AMBIENTALES,Area Operativa 06 - Boyacá-Casanare-Vichada,Santander,Capitanejo,15/06/1974 00:00,,PRECIPITACION,PTPM_TT_M,Precipitación total mensual,Mensual,1956-12-01 00:00,40.6,50,,900
24037390,CAPITANEJO [24037390],6.5132080560,-72.69545306,1160,Limnimétrica,INSTITUTO DE HIDROLOGIA METEOROLOGIA Y ESTUDIOS AMBIENTALES,Area Operativa 06 - Boyacá-Casanare-Vichada,Santander,Capitanejo,15/06/1974 00:00,,PRECIPITACION,PTPM_TT_M,Precipitación total mensual,Mensual,1957-01-01 00:00,0,50,,900
24037390,CAPITANEJO [24037390],6.5132080560,-72.69545306,1160,Limnimétrica,INSTITUTO DE HIDROLOGIA METEOROLOGIA Y ESTUDIOS AMBIENTALES,Area Operativa 06 - Boyacá-Casanare-Vichada,Santander,Capitanejo,15/06/1974 00:00,,PRECIPITACION,PTPM_TT_M,Precipitación total mensual,Mensual,1957-02-01 00:00,33.1,50,,900
24037390,CAPITANEJO [24037390],6.5132080560,-72.69545306,1160,Limnimétrica,INSTITUTO DE HIDROLOGIA METEOROLOGIA Y ESTUDIOS AMBIENTALES,Area Operativa 06 - Boyacá-Casanare-Vichada,Santander,Capitanejo,15/06/1974 00:00,,PRECIPITACION,PTPM_TT_M,Precipitación total mensual,Mensual,1957-03-01 00:00,10.2,50,,900
24037390,CAPITANEJO [24037390],6.5132080560,-72.69545306,1160,Limnimétrica,INSTITUTO DE HIDROLOGIA METEOROLOGIA Y ESTUDIOS AMBIENTALES,Area Operativa 06 - Boyacá-Casanare-Vichada,Santander,Capitanejo,15/06/1974 00:00,,PRECIPITACION,PTPM_TT_M,Precipitación total mensual,Mensual,1957-04-01 00:00,100.3,50,,900
24037390,CAPITANEJO [24037390],6.5132080560,-72.69545306,1160,Limnimétrica,INSTITUTO DE HIDROLOGIA METEOROLOGIA Y ESTUDIOS AMBIENTALES,Area Operativa 06 - Boyacá-Casanare-Vichada,Santander,Capitanejo,15/06/1974 00:00,,PRECIPITACION,PTPM_TT_M,Precipitación total mensual,Mensual,1957-05-01 00:00,105.3,50,,900
24037390,CAPITANEJO [24037390],6.5132080560,-72.69545306,1160,Limnimétrica,INSTITUTO DE HIDROLOGIA METEOROLOGIA Y ESTUDIOS AMBIENTALES,Area Operativa 06 - Boyacá-Casanare-Vichada,Santander,Capitanejo,15/06/1974 00:00,,PRECIPITACION,PTPM_TT_M,Precipitación total mensual,Mensual,1957-06-01 00:00,21.6,50,,900
24037390,CAPITANEJO [24037390],6.5132080560,-72.69545306,1160,Limnimétrica,INSTITUTO DE HIDROLOGIA METEOROLOGIA Y ESTUDIOS AMBIENTALES,Area Operativa 06 - Boyacá-Casanare-Vichada,Santander,Capitanejo,15/06/1974 00:00,,PRECIPITACION,PTPM_TT_M,Precipitación total mensual,Mensual,1957-07-01 00:00,77.1,50,,900
24037390,CAPITANEJO [24037390],6.5132080560,-72.69545306,1160,Limnimétrica,INSTITUTO DE HIDROLOGIA METEOROLOGIA Y ESTUDIOS AMBIENTALES,Area Operativa 06 - Boyacá-Casanare-Vichada,Santander,Capitanejo,15/06/1974 00:00,,PRECIPITACION,PTPM_TT_M,Precipitación total mensual,Mensual,1957-08-01 00:00,32.2,50,,900
24037390,CAPITANEJO [24037390],6.5132080560,-72.69545306,1160,Limnimétrica,INSTITUTO DE HIDROLOGIA METEOROLOGIA Y ESTUDIOS AMBIENTALES,Area Operativa 06 - Boyacá-Casanare-Vichada,Santander,Capitanejo,15/06/1974 00:00,,PRECIPITACION,PTPM_TT_M,Precipitación total mensual,Mensual,1957-09-01 00:00,86,50,,900
24037390,CAPITANEJO [24037390],6.5132080560,-72.69545306,1160,Limnimétrica,INSTITUTO DE HIDROLOGIA METEOROLOGIA Y ESTUDIOS AMBIENTALES,Area Operativa 06 - Boyacá-Casanare-Vichada,Santander,Capitanejo,15/06/1974 00:00,,PRECIPITACION,PTPM_TT_M,Precipitación total mensual,Mensual,1957-10-01 00:00,185.3,50,,900
24037390,CAPITANEJO [24037390],6.5132080560,-72.69545306,1160,Limnimétrica,INSTITUTO DE HIDROLOGIA METEOROLOGIA Y ESTUDIOS AMBIENTALES,Area Operativa 06 - Boyacá-Casanare-Vichada,Santander,Capitanejo,15/06/1974 00:00,,PRECIPITACION,PTPM_TT_M,Precipitación total mensual,Mensual,1957-11-01 00:00,22,50,,900
24037390,CAPITANEJO [24037390],6.5132080560,-72.69545306,1160,Limnimétrica,INSTITUTO DE HIDROLOGIA METEOROLOGIA Y ESTUDIOS AMBIENTALES,Area Operativa 06 - Boyacá-Casanare-Vichada,Santander,Capitanejo,15/06/1974 00:00,,PRECIPITACION,PTPM_TT_M,Precipitación total mensual,Mensual,1957-12-01 00:00,5.5,50,,900
24037390,CAPITANEJO [24037390],6.5132080560,-72.69545306,1160,Limnimétrica,INSTITUTO DE HIDROLOGIA METEOROLOGIA Y ESTUDIOS AMBIENTALES,Area Operativa 06 - Boyacá-Casanare-Vichada,Santander,Capitanejo,15/06/1974 00:00,,PRECIPITACION,PTPM_TT_M,Precipitación total mensual,Mensual,1958-01-01 00:00,0,50,,900
24037390,CAPITANEJO [24037390],6.5132080560,-72.69545306,1160,Limnimétrica,INSTITUTO DE HIDROLOGIA METEOROLOGIA Y ESTUDIOS AMBIENTALES,Area Operativa 06 - Boyacá-Casanare-Vichada,Santander,Capitanejo,15/06/1974 00:00,,PRECIPITACION,PTPM_TT_M,Precipitación total mensual,Mensual,1958-02-01 00:00,0,50,,900
24037390,CAPITANEJO [24037390],6.5132080560,-72.69545306,1160,Limnimétrica,INSTITUTO DE HIDROLOGIA METEOROLOGIA Y ESTUDIOS AMBIENTALES,Area Operativa 06 - Boyacá-Casanare-Vichada,Santander,Capitanejo,15/06/1974 00:00,,PRECIPITACION,PTPM_TT_M,Precipitación total mensual,Mensual,1958-03-01 00:00,25.8,50,,900
24037390,CAPITANEJO [24037390],6.5132080560,-72.69545306,1160,Limnimétrica,INSTITUTO DE HIDROLOGIA METEOROLOGIA Y ESTUDIOS AMBIENTALES,Area Operativa 06 - Boyacá-Casanare-Vichada,Santander,Capitanejo,15/06/1974 00:00,,PRECIPITACION,PTPM_TT_M,Precipitación total mensual,Mensual,1958-04-01 00:00,58.4,50,,900
24037390,CAPITANEJO [24037390],6.5132080560,-72.69545306,1160,Limnimétrica,INSTITUTO DE HIDROLOGIA METEOROLOGIA Y ESTUDIOS AMBIENTALES,Area Operativa 06 - Boyacá-Casanare-Vichada,Santander,Capitanejo,15/06/1974 00:00,,PRECIPITACION,PTPM_TT_M,Precipitación total mensual,Mensual,1958-05-01 00:00,103.4,50,,900
24037390,CAPITANEJO [24037390],6.5132080560,-72.69545306,1160,Limnimétrica,INSTITUTO DE HIDROLOGIA METEOROLOGIA Y ESTUDIOS AMBIENTALES,Area Operativa 06 - Boyacá-Casanare-Vichada,Santander,Capitanejo,15/06/1974 00:00,,PRECIPITACION,PTPM_TT_M,Precipitación total mensual,Mensual,1958-06-01 00:00,47.5,50,,900
24037390,CAPITANEJO [24037390],6.5132080560,-72.69545306,1160,Limnimétrica,INSTITUTO DE HIDROLOGIA METEOROLOGIA Y ESTUDIOS AMBIENTALES,Area Operativa 06 - Boyacá-Casanare-Vichada,Santander,Capitanejo,15/06/1974 00:00,,PRECIPITACION,PTPM_TT_M,Precipitación total mensual,Mensual,1958-07-01 00:00,36.3,50,,900
24037390,CAPITANEJO [24037390],6.5132080560,-72.69545306,1160,Limnimétrica,INSTITUTO DE HIDROLOGIA METEOROLOGIA Y ESTUDIOS AMBIENTALES,Area Operativa 06 - Boyacá-Casanare-Vichada,Santander,Capitanejo,15/06/1974 00:00,,PRECIPITACION,PTPM_TT_M,Precipitación total mensual,Mensual,1958-08-01 00:00,68.5,50,,900
24037390,CAPITANEJO [24037390],6.5132080560,-72.69545306,1160,Limnimétrica,INSTITUTO DE HIDROLOGIA METEOROLOGIA Y ESTUDIOS AMBIENTALES,Area Operativa 06 - Boyacá-Casanare-Vichada,Santander,Capitanejo,15/06/1974 00:00,,PRECIPITACION,PTPM_TT_M,Precipitación total mensual,Mensual,1958-09-01 00:00,14.2,50,,900
24037390,CAPITANEJO [24037390],6.5132080560,-72.69545306,1160,Limnimétrica,INSTITUTO DE HIDROLOGIA METEOROLOGIA Y ESTUDIOS AMBIENTALES,Area Operativa 06 - Boyacá-Casanare-Vichada,Santander,Capitanejo,15/06/1974 00:00,,PRECIPITACION,PTPM_TT_M,Precipitación total mensual,Mensual,1958-10-01 00:00,58.4,50,,900
24037390,CAPITANEJO [24037390],6.5132080560,-72.69545306,1160,Limnimétrica,INSTITUTO DE HIDROLOGIA METEOROLOGIA Y ESTUDIOS AMBIENTALES,Area Operativa 06 - Boyacá-Casanare-Vichada,Santander,Capitanejo,15/06/1974 00:00,,PRECIPITACION,PTPM_TT_M,Precipitación total mensual,Mensual,1958-11-01 00:00,43.5,50,,900
24037390,CAPITANEJO [24037390],6.5132080560,-72.69545306,1160,Limnimétrica,INSTITUTO DE HIDROLOGIA METEOROLOGIA Y ESTUDIOS AMBIENTALES,Area Operativa 06 - Boyacá-Casanare-Vichada,Santander,Capitanejo,15/06/1974 00:00,,PRECIPITACION,PTPM_TT_M,Precipitación total mensual,Mensual,1958-12-01 00:00,16,50,,900
24037390,CAPITANEJO [24037390],6.5132080560,-72.69545306,1160,Limnimétrica,INSTITUTO DE HIDROLOGIA METEOROLOGIA Y ESTUDIOS AMBIENTALES,Area Operativa 06 - Boyacá-Casanare-Vichada,Santander,Capitanejo,15/06/1974 00:00,,PRECIPITACION,PTPM_TT_M,Precipitación total mensual,Mensual,1959-01-01 00:00,0,50,,900
24037390,CAPITANEJO [24037390],6.5132080560,-72.69545306,1160,Limnimétrica,INSTITUTO DE HIDROLOGIA METEOROLOGIA Y ESTUDIOS AMBIENTALES,Area Operativa 06 - Boyacá-Casanare-Vichada,Santander,Capitanejo,15/06/1974 00:00,,PRECIPITACION,PTPM_TT_M,Precipitación total mensual,Mensual,1959-02-01 00:00,1,50,,900
24037390,CAPITANEJO [24037390],6.5132080560,-72.69545306,1160,Limnimétrica,INSTITUTO DE HIDROLOGIA METEOROLOGIA Y ESTUDIOS AMBIENTALES,Area Operativa 06 - Boyacá-Casanare-Vichada,Santander,Capitanejo,15/06/1974 00:00,,PRECIPITACION,PTPM_TT_M,Precipitación total mensual,Mensual,1959-03-01 00:00,18,50,,900
24037390,CAPITANEJO [24037390],6.5132080560,-72.69545306,1160,Limnimétrica,INSTITUTO DE HIDROLOGIA METEOROLOGIA Y ESTUDIOS AMBIENTALES,Area Operativa 06 - Boyacá-Casanare-Vichada,Santander,Capitanejo,15/06/1974 00:00,,PRECIPITACION,PTPM_TT_M,Precipitación total mensual,Mensual,1959-04-01 00:00,55,50,,900
24037390,CAPITANEJO [24037390],6.5132080560,-72.69545306,1160,Limnimétrica,INSTITUTO DE HIDROLOGIA METEOROLOGIA Y ESTUDIOS AMBIENTALES,Area Operativa 06 - Boyacá-Casanare-Vichada,Santander,Capitanejo,15/06/1974 00:00,,PRECIPITACION,PTPM_TT_M,Precipitación total mensual,Mensual,1959-05-01 00:00,139.9,50,,900
24037390,CAPITANEJO [24037390],6.5132080560,-72.69545306,1160,Limnimétrica,INSTITUTO DE HIDROLOGIA METEOROLOGIA Y ESTUDIOS AMBIENTALES,Area Operativa 06 - Boyacá-Casanare-Vichada,Santander,Capitanejo,15/06/1974 00:00,,PRECIPITACION,PTPM_TT_M,Precipitación total mensual,Mensual,1959-06-01 00:00,61.6,50,,900
24037390,CAPITANEJO [24037390],6.5132080560,-72.69545306,1160,Limnimétrica,INSTITUTO DE HIDROLOGIA METEOROLOGIA Y ESTUDIOS AMBIENTALES,Area Operativa 06 - Boyacá-Casanare-Vichada,Santander,Capitanejo,15/06/1974 00:00,,PRECIPITACION,PTPM_TT_M,Precipitación total mensual,Mensual,1959-07-01 00:00,29.5,50,,900
24037390,CAPITANEJO [24037390],6.5132080560,-72.69545306,1160,Limnimétrica,INSTITUTO DE HIDROLOGIA METEOROLOGIA Y ESTUDIOS AMBIENTALES,Area Operativa 06 - Boyacá-Casanare-Vichada,Santander,Capitanejo,15/06/1974 00:00,,PRECIPITACION,PTPM_TT_M,Precipitación total mensual,Mensual,1959-08-01 00:00,28,50,,900
24037390,CAPITANEJO [24037390],6.5132080560,-72.69545306,1160,Limnimétrica,INSTITUTO DE HIDROLOGIA METEOROLOGIA Y ESTUDIOS AMBIENTALES,Area Operativa 06 - Boyacá-Casanare-Vichada,Santander,Capitanejo,15/06/1974 00:00,,PRECIPITACION,PTPM_TT_M,Precipitación total mensual,Mensual,1959-09-01 00:00,51,50,,900
24037390,CAPITANEJO [24037390],6.5132080560,-72.69545306,1160,Limnimétrica,INSTITUTO DE HIDROLOGIA METEOROLOGIA Y ESTUDIOS AMBIENTALES,Area Operativa 06 - Boyacá-Casanare-Vichada,Santander,Capitanejo,15/06/1974 00:00,,PRECIPITACION,PTPM_TT_M,Precipitación total mensual,Mensual,1959-10-01 00:00,92.5,50,,900
24037390,CAPITANEJO [24037390],6.5132080560,-72.69545306,1160,Limnimétrica,INSTITUTO DE HIDROLOGIA METEOROLOGIA Y ESTUDIOS AMBIENTALES,Area Operativa 06 - Boyacá-Casanare-Vichada,Santander,Capitanejo,15/06/1974 00:00,,PRECIPITACION,PTPM_TT_M,Precipitación total mensual,Mensual,1959-11-01 00:00,43.1,50,,900
24037390,CAPITANEJO [24037390],6.5132080560,-72.69545306,1160,Limnimétrica,INSTITUTO DE HIDROLOGIA METEOROLOGIA Y ESTUDIOS AMBIENTALES,Area Operativa 06 - Boyacá-Casanare-Vichada,Santander,Capitanejo,15/06/1974 00:00,,PRECIPITACION,PTPM_TT_M,Precipitación total mensual,Mensual,1959-12-01 00:00,30,50,,900
24037390,CAPITANEJO [24037390],6.5132080560,-72.69545306,1160,Limnimétrica,INSTITUTO DE HIDROLOGIA METEOROLOGIA Y ESTUDIOS AMBIENTALES,Area Operativa 06 - Boyacá-Casanare-Vichada,Santander,Capitanejo,15/06/1974 00:00,,PRECIPITACION,PTPM_TT_M,Precipitación total mensual,Mensual,1960-01-01 00:00,0,50,,900
24037390,CAPITANEJO [24037390],6.5132080560,-72.69545306,1160,Limnimétrica,INSTITUTO DE HIDROLOGIA METEOROLOGIA Y ESTUDIOS AMBIENTALES,Area Operativa 06 - Boyacá-Casanare-Vichada,Santander,Capitanejo,15/06/1974 00:00,,PRECIPITACION,PTPM_TT_M,Precipitación total mensual,Mensual,1960-02-01 00:00,5.5,50,,900
24037390,CAPITANEJO [24037390],6.5132080560,-72.69545306,1160,Limnimétrica,INSTITUTO DE HIDROLOGIA METEOROLOGIA Y ESTUDIOS AMBIENTALES,Area Operativa 06 - Boyacá-Casanare-Vichada,Santander,Capitanejo,15/06/1974 00:00,,PRECIPITACION,PTPM_TT_M,Precipitación total mensual,Mensual,1960-03-01 00:00,32.5,50,,900
24037390,CAPITANEJO [24037390],6.5132080560,-72.69545306,1160,Limnimétrica,INSTITUTO DE HIDROLOGIA METEOROLOGIA Y ESTUDIOS AMBIENTALES,Area Operativa 06 - Boyacá-Casanare-Vichada,Santander,Capitanejo,15/06/1974 00:00,,PRECIPITACION,PTPM_TT_M,Precipitación total mensual,Mensual,1960-04-01 00:00,88.5,50,,900
24037390,CAPITANEJO [24037390],6.5132080560,-72.69545306,1160,Limnimétrica,INSTITUTO DE HIDROLOGIA METEOROLOGIA Y ESTUDIOS AMBIENTALES,Area Operativa 06 - Boyacá-Casanare-Vichada,Santander,Capitanejo,15/06/1974 00:00,,PRECIPITACION,PTPM_TT_M,Precipitación total mensual,Mensual,1960-05-01 00:00,40,50,,900
24037390,CAPITANEJO [24037390],6.5132080560,-72.69545306,1160,Limnimétrica,INSTITUTO DE HIDROLOGIA METEOROLOGIA Y ESTUDIOS AMBIENTALES,Area Operativa 06 - Boyacá-Casanare-Vichada,Santander,Capitanejo,15/06/1974 00:00,,PRECIPITACION,PTPM_TT_M,Precipitación total mensual,Mensual,1960-07-01 00:00,59,4,,900
24037390,CAPITANEJO [24037390],6.5132080560,-72.69545306,1160,Limnimétrica,INSTITUTO DE HIDROLOGIA METEOROLOGIA Y ESTUDIOS AMBIENTALES,Area Operativa 06 - Boyacá-Casanare-Vichada,Santander,Capitanejo,15/06/1974 00:00,,PRECIPITACION,PTPM_TT_M,Precipitación total mensual,Mensual,1960-08-01 00:00,34,50,,900
24037390,CAPITANEJO [24037390],6.5132080560,-72.69545306,1160,Limnimétrica,INSTITUTO DE HIDROLOGIA METEOROLOGIA Y ESTUDIOS AMBIENTALES,Area Operativa 06 - Boyacá-Casanare-Vichada,Santander,Capitanejo,15/06/1974 00:00,,PRECIPITACION,PTPM_TT_M,Precipitación total mensual,Mensual,1960-09-01 00:00,71,50,,900
24037390,CAPITANEJO [24037390],6.5132080560,-72.69545306,1160,Limnimétrica,INSTITUTO DE HIDROLOGIA METEOROLOGIA Y ESTUDIOS AMBIENTALES,Area Operativa 06 - Boyacá-Casanare-Vichada,Santander,Capitanejo,15/06/1974 00:00,,PRECIPITACION,PTPM_TT_M,Precipitación total mensual,Mensual,1960-10-01 00:00,117,50,,900
24037390,CAPITANEJO [24037390],6.5132080560,-72.69545306,1160,Limnimétrica,INSTITUTO DE HIDROLOGIA METEOROLOGIA Y ESTUDIOS AMBIENTALES,Area Operativa 06 - Boyacá-Casanare-Vichada,Santander,Capitanejo,15/06/1974 00:00,,PRECIPITACION,PTPM_TT_M,Precipitación total mensual,Mensual,1960-11-01 00:00,24,50,,900
24037390,CAPITANEJO [24037390],6.5132080560,-72.69545306,1160,Limnimétrica,INSTITUTO DE HIDROLOGIA METEOROLOGIA Y ESTUDIOS AMBIENTALES,Area Operativa 06 - Boyacá-Casanare-Vichada,Santander,Capitanejo,15/06/1974 00:00,,PRECIPITACION,PTPM_TT_M,Precipitación total mensual,Mensual,1960-12-01 00:00,5.5,50,,900
24037390,CAPITANEJO [24037390],6.5132080560,-72.69545306,1160,Limnimétrica,INSTITUTO DE HIDROLOGIA METEOROLOGIA Y ESTUDIOS AMBIENTALES,Area Operativa 06 - Boyacá-Casanare-Vichada,Santander,Capitanejo,15/06/1974 00:00,,PRECIPITACION,PTPM_TT_M,Precipitación total mensual,Mensual,1961-06-01 00:00,22.5,4,,900
24037390,CAPITANEJO [24037390],6.5132080560,-72.69545306,1160,Limnimétrica,INSTITUTO DE HIDROLOGIA METEOROLOGIA Y ESTUDIOS AMBIENTALES,Area Operativa 06 - Boyacá-Casanare-Vichada,Santander,Capitanejo,15/06/1974 00:00,,PRECIPITACION,PTPM_TT_M,Precipitación total mensual,Mensual,1961-08-01 00:00,33.5,4,,900
24037390,CAPITANEJO [24037390],6.5132080560,-72.69545306,1160,Limnimétrica,INSTITUTO DE HIDROLOGIA METEOROLOGIA Y ESTUDIOS AMBIENTALES,Area Operativa 06 - Boyacá-Casanare-Vichada,Santander,Capitanejo,15/06/1974 00:00,,PRECIPITACION,PTPM_TT_M,Precipitación total mensual,Mensual,1961-09-01 00:00,60.1,50,,900
24037390,CAPITANEJO [24037390],6.5132080560,-72.69545306,1160,Limnimétrica,INSTITUTO DE HIDROLOGIA METEOROLOGIA Y ESTUDIOS AMBIENTALES,Area Operativa 06 - Boyacá-Casanare-Vichada,Santander,Capitanejo,15/06/1974 00:00,,PRECIPITACION,PTPM_TT_M,Precipitación total mensual,Mensual,1961-10-01 00:00,163.4,50,,900
24037390,CAPITANEJO [24037390],6.5132080560,-72.69545306,1160,Limnimétrica,INSTITUTO DE HIDROLOGIA METEOROLOGIA Y ESTUDIOS AMBIENTALES,Area Operativa 06 - Boyacá-Casanare-Vichada,Santander,Capitanejo,15/06/1974 00:00,,PRECIPITACION,PTPM_TT_M,Precipitación total mensual,Mensual,1961-11-01 00:00,59,50,,900
24037390,CAPITANEJO [24037390],6.5132080560,-72.69545306,1160,Limnimétrica,INSTITUTO DE HIDROLOGIA METEOROLOGIA Y ESTUDIOS AMBIENTALES,Area Operativa 06 - Boyacá-Casanare-Vichada,Santander,Capitanejo,15/06/1974 00:00,,PRECIPITACION,PTPM_TT_M,Precipitación total mensual,Mensual,1961-12-01 00:00,9.5,4,,900
24037390,CAPITANEJO [24037390],6.5132080560,-72.69545306,1160,Limnimétrica,INSTITUTO DE HIDROLOGIA METEOROLOGIA Y ESTUDIOS AMBIENTALES,Area Operativa 06 - Boyacá-Casanare-Vichada,Santander,Capitanejo,15/06/1974 00:00,,PRECIPITACION,PTPM_TT_M,Precipitación total mensual,Mensual,1962-01-01 00:00,11,50,,900
24037390,CAPITANEJO [24037390],6.5132080560,-72.69545306,1160,Limnimétrica,INSTITUTO DE HIDROLOGIA METEOROLOGIA Y ESTUDIOS AMBIENTALES,Area Operativa 06 - Boyacá-Casanare-Vichada,Santander,Capitanejo,15/06/1974 00:00,,PRECIPITACION,PTPM_TT_M,Precipitación total mensual,Mensual,1962-02-01 00:00,0,50,,900
24037390,CAPITANEJO [24037390],6.5132080560,-72.69545306,1160,Limnimétrica,INSTITUTO DE HIDROLOGIA METEOROLOGIA Y ESTUDIOS AMBIENTALES,Area Operativa 06 - Boyacá-Casanare-Vichada,Santander,Capitanejo,15/06/1974 00:00,,PRECIPITACION,PTPM_TT_M,Precipitación total mensual,Mensual,1962-03-01 00:00,0,50,,900
24037390,CAPITANEJO [24037390],6.5132080560,-72.69545306,1160,Limnimétrica,INSTITUTO DE HIDROLOGIA METEOROLOGIA Y ESTUDIOS AMBIENTALES,Area Operativa 06 - Boyacá-Casanare-Vichada,Santander,Capitanejo,15/06/1974 00:00,,PRECIPITACION,PTPM_TT_M,Precipitación total mensual,Mensual,1962-04-01 00:00,36,50,,900
24037390,CAPITANEJO [24037390],6.5132080560,-72.69545306,1160,Limnimétrica,INSTITUTO DE HIDROLOGIA METEOROLOGIA Y ESTUDIOS AMBIENTALES,Area Operativa 06 - Boyacá-Casanare-Vichada,Santander,Capitanejo,15/06/1974 00:00,,PRECIPITACION,PTPM_TT_M,Precipitación total mensual,Mensual,1962-05-01 00:00,84,50,,900
24037390,CAPITANEJO [24037390],6.5132080560,-72.69545306,1160,Limnimétrica,INSTITUTO DE HIDROLOGIA METEOROLOGIA Y ESTUDIOS AMBIENTALES,Area Operativa 06 - Boyacá-Casanare-Vichada,Santander,Capitanejo,15/06/1974 00:00,,PRECIPITACION,PTPM_TT_M,Precipitación total mensual,Mensual,1962-06-01 00:00,60,50,,900
24037390,CAPITANEJO [24037390],6.5132080560,-72.69545306,1160,Limnimétrica,INSTITUTO DE HIDROLOGIA METEOROLOGIA Y ESTUDIOS AMBIENTALES,Area Operativa 06 - Boyacá-Casanare-Vichada,Santander,Capitanejo,15/06/1974 00:00,,PRECIPITACION,PTPM_TT_M,Precipitación total mensual,Mensual,1962-07-01 00:00,29,50,,900
24037390,CAPITANEJO [24037390],6.5132080560,-72.69545306,1160,Limnimétrica,INSTITUTO DE HIDROLOGIA METEOROLOGIA Y ESTUDIOS AMBIENTALES,Area Operativa 06 - Boyacá-Casanare-Vichada,Santander,Capitanejo,15/06/1974 00:00,,PRECIPITACION,PTPM_TT_M,Precipitación total mensual,Mensual,1962-08-01 00:00,33,50,,900
24037390,CAPITANEJO [24037390],6.5132080560,-72.69545306,1160,Limnimétrica,INSTITUTO DE HIDROLOGIA METEOROLOGIA Y ESTUDIOS AMBIENTALES,Area Operativa 06 - Boyacá-Casanare-Vichada,Santander,Capitanejo,15/06/1974 00:00,,PRECIPITACION,PTPM_TT_M,Precipitación total mensual,Mensual,1962-09-01 00:00,51,50,,900
24037390,CAPITANEJO [24037390],6.5132080560,-72.69545306,1160,Limnimétrica,INSTITUTO DE HIDROLOGIA METEOROLOGIA Y ESTUDIOS AMBIENTALES,Area Operativa 06 - Boyacá-Casanare-Vichada,Santander,Capitanejo,15/06/1974 00:00,,PRECIPITACION,PTPM_TT_M,Precipitación total mensual,Mensual,1962-10-01 00:00,77,50,,900
24037390,CAPITANEJO [24037390],6.5132080560,-72.69545306,1160,Limnimétrica,INSTITUTO DE HIDROLOGIA METEOROLOGIA Y ESTUDIOS AMBIENTALES,Area Operativa 06 - Boyacá-Casanare-Vichada,Santander,Capitanejo,15/06/1974 00:00,,PRECIPITACION,PTPM_TT_M,Precipitación total mensual,Mensual,1962-11-01 00:00,80,50,,900
24037390,CAPITANEJO [24037390],6.5132080560,-72.69545306,1160,Limnimétrica,INSTITUTO DE HIDROLOGIA METEOROLOGIA Y ESTUDIOS AMBIENTALES,Area Operativa 06 - Boyacá-Casanare-Vichada,Santander,Capitanejo,15/06/1974 00:00,,PRECIPITACION,PTPM_TT_M,Precipitación total mensual,Mensual,1962-12-01 00:00,0,50,,900
24037390,CAPITANEJO [24037390],6.5132080560,-72.69545306,1160,Limnimétrica,INSTITUTO DE HIDROLOGIA METEOROLOGIA Y ESTUDIOS AMBIENTALES,Area Operativa 06 - Boyacá-Casanare-Vichada,Santander,Capitanejo,15/06/1974 00:00,,PRECIPITACION,PTPM_TT_M,Precipitación total mensual,Mensual,1963-01-01 00:00,12,50,,900
24037390,CAPITANEJO [24037390],6.5132080560,-72.69545306,1160,Limnimétrica,INSTITUTO DE HIDROLOGIA METEOROLOGIA Y ESTUDIOS AMBIENTALES,Area Operativa 06 - Boyacá-Casanare-Vichada,Santander,Capitanejo,15/06/1974 00:00,,PRECIPITACION,PTPM_TT_M,Precipitación total mensual,Mensual,1963-02-01 00:00,17,50,,900
24037390,CAPITANEJO [24037390],6.5132080560,-72.69545306,1160,Limnimétrica,INSTITUTO DE HIDROLOGIA METEOROLOGIA Y ESTUDIOS AMBIENTALES,Area Operativa 06 - Boyacá-Casanare-Vichada,Santander,Capitanejo,15/06/1974 00:00,,PRECIPITACION,PTPM_TT_M,Precipitación total mensual,Mensual,1963-03-01 00:00,89,50,,900
24037390,CAPITANEJO [24037390],6.5132080560,-72.69545306,1160,Limnimétrica,INSTITUTO DE HIDROLOGIA METEOROLOGIA Y ESTUDIOS AMBIENTALES,Area Operativa 06 - Boyacá-Casanare-Vichada,Santander,Capitanejo,15/06/1974 00:00,,PRECIPITACION,PTPM_TT_M,Precipitación total mensual,Mensual,1963-04-01 00:00,101,50,,900
24037390,CAPITANEJO [24037390],6.5132080560,-72.69545306,1160,Limnimétrica,INSTITUTO DE HIDROLOGIA METEOROLOGIA Y ESTUDIOS AMBIENTALES,Area Operativa 06 - Boyacá-Casanare-Vichada,Santander,Capitanejo,15/06/1974 00:00,,PRECIPITACION,PTPM_TT_M,Precipitación total mensual,Mensual,1963-05-01 00:00,162,50,,900
24037390,CAPITANEJO [24037390],6.5132080560,-72.69545306,1160,Limnimétrica,INSTITUTO DE HIDROLOGIA METEOROLOGIA Y ESTUDIOS AMBIENTALES,Area Operativa 06 - Boyacá-Casanare-Vichada,Santander,Capitanejo,15/06/1974 00:00,,PRECIPITACION,PTPM_TT_M,Precipitación total mensual,Mensual,1963-07-01 00:00,68.2,4,,900
24037390,CAPITANEJO [24037390],6.5132080560,-72.69545306,1160,Limnimétrica,INSTITUTO DE HIDROLOGIA METEOROLOGIA Y ESTUDIOS AMBIENTALES,Area Operativa 06 - Boyacá-Casanare-Vichada,Santander,Capitanejo,15/06/1974 00:00,,PRECIPITACION,PTPM_TT_M,Precipitación total mensual,Mensual,1963-08-01 00:00,31,50,,900
24037390,CAPITANEJO [24037390],6.5132080560,-72.69545306,1160,Limnimétrica,INSTITUTO DE HIDROLOGIA METEOROLOGIA Y ESTUDIOS AMBIENTALES,Area Operativa 06 - Boyacá-Casanare-Vichada,Santander,Capitanejo,15/06/1974 00:00,,PRECIPITACION,PTPM_TT_M,Precipitación total mensual,Mensual,1963-09-01 00:00,39,50,,900
24037390,CAPITANEJO [24037390],6.5132080560,-72.69545306,1160,Limnimétrica,INSTITUTO DE HIDROLOGIA METEOROLOGIA Y ESTUDIOS AMBIENTALES,Area Operativa 06 - Boyacá-Casanare-Vichada,Santander,Capitanejo,15/06/1974 00:00,,PRECIPITACION,PTPM_TT_M,Precipitación total mensual,Mensual,1963-10-01 00:00,145,50,,900
24037390,CAPITANEJO [24037390],6.5132080560,-72.69545306,1160,Limnimétrica,INSTITUTO DE HIDROLOGIA METEOROLOGIA Y ESTUDIOS AMBIENTALES,Area Operativa 06 - Boyacá-Casanare-Vichada,Santander,Capitanejo,15/06/1974 00:00,,PRECIPITACION,PTPM_TT_M,Precipitación total mensual,Mensual,1963-11-01 00:00,43,50,,900
24037390,CAPITANEJO [24037390],6.5132080560,-72.69545306,1160,Limnimétrica,INSTITUTO DE HIDROLOGIA METEOROLOGIA Y ESTUDIOS AMBIENTALES,Area Operativa 06 - Boyacá-Casanare-Vichada,Santander,Capitanejo,15/06/1974 00:00,,PRECIPITACION,PTPM_TT_M,Precipitación total mensual,Mensual,1963-12-01 00:00,8,50,,900
24037390,CAPITANEJO [24037390],6.5132080560,-72.69545306,1160,Limnimétrica,INSTITUTO DE HIDROLOGIA METEOROLOGIA Y ESTUDIOS AMBIENTALES,Area Operativa 06 - Boyacá-Casanare-Vichada,Santander,Capitanejo,15/06/1974 00:00,,PRECIPITACION,PTPM_TT_M,Precipitación total mensual,Mensual,1964-01-01 00:00,0,50,,900
24037390,CAPITANEJO [24037390],6.5132080560,-72.69545306,1160,Limnimétrica,INSTITUTO DE HIDROLOGIA METEOROLOGIA Y ESTUDIOS AMBIENTALES,Area Operativa 06 - Boyacá-Casanare-Vichada,Santander,Capitanejo,15/06/1974 00:00,,PRECIPITACION,PTPM_TT_M,Precipitación total mensual,Mensual,1964-02-01 00:00,12,50,,900
24037390,CAPITANEJO [24037390],6.5132080560,-72.69545306,1160,Limnimétrica,INSTITUTO DE HIDROLOGIA METEOROLOGIA Y ESTUDIOS AMBIENTALES,Area Operativa 06 - Boyacá-Casanare-Vichada,Santander,Capitanejo,15/06/1974 00:00,,PRECIPITACION,PTPM_TT_M,Precipitación total mensual,Mensual,1964-03-01 00:00,3,50,,900
24037390,CAPITANEJO [24037390],6.5132080560,-72.69545306,1160,Limnimétrica,INSTITUTO DE HIDROLOGIA METEOROLOGIA Y ESTUDIOS AMBIENTALES,Area Operativa 06 - Boyacá-Casanare-Vichada,Santander,Capitanejo,15/06/1974 00:00,,PRECIPITACION,PTPM_TT_M,Precipitación total mensual,Mensual,1964-04-01 00:00,93,50,,900
24037390,CAPITANEJO [24037390],6.5132080560,-72.69545306,1160,Limnimétrica,INSTITUTO DE HIDROLOGIA METEOROLOGIA Y ESTUDIOS AMBIENTALES,Area Operativa 06 - Boyacá-Casanare-Vichada,Santander,Capitanejo,15/06/1974 00:00,,PRECIPITACION,PTPM_TT_M,Precipitación total mensual,Mensual,1964-05-01 00:00,84.5,50,,900
24037390,CAPITANEJO [24037390],6.5132080560,-72.69545306,1160,Limnimétrica,INSTITUTO DE HIDROLOGIA METEOROLOGIA Y ESTUDIOS AMBIENTALES,Area Operativa 06 - Boyacá-Casanare-Vichada,Santander,Capitanejo,15/06/1974 00:00,,PRECIPITACION,PTPM_TT_M,Precipitación total mensual,Mensual,1964-06-01 00:00,54,50,,900
24037390,CAPITANEJO [24037390],6.5132080560,-72.69545306,1160,Limnimétrica,INSTITUTO DE HIDROLOGIA METEOROLOGIA Y ESTUDIOS AMBIENTALES,Area Operativa 06 - Boyacá-Casanare-Vichada,Santander,Capitanejo,15/06/1974 00:00,,PRECIPITACION,PTPM_TT_M,Precipitación total mensual,Mensual,1964-07-01 00:00,38,50,,900
24037390,CAPITANEJO [24037390],6.5132080560,-72.69545306,1160,Limnimétrica,INSTITUTO DE HIDROLOGIA METEOROLOGIA Y ESTUDIOS AMBIENTALES,Area Operativa 06 - Boyacá-Casanare-Vichada,Santander,Capitanejo,15/06/1974 00:00,,PRECIPITACION,PTPM_TT_M,Precipitación total mensual,Mensual,1964-08-01 00:00,37,50,,900
24037390,CAPITANEJO [24037390],6.5132080560,-72.69545306,1160,Limnimétrica,INSTITUTO DE HIDROLOGIA METEOROLOGIA Y ESTUDIOS AMBIENTALES,Area Operativa 06 - Boyacá-Casanare-Vichada,Santander,Capitanejo,15/06/1974 00:00,,PRECIPITACION,PTPM_TT_M,Precipitación total mensual,Mensual,1964-09-01 00:00,16,50,,900
24037390,CAPITANEJO [24037390],6.5132080560,-72.69545306,1160,Limnimétrica,INSTITUTO DE HIDROLOGIA METEOROLOGIA Y ESTUDIOS AMBIENTALES,Area Operativa 06 - Boyacá-Casanare-Vichada,Santander,Capitanejo,15/06/1974 00:00,,PRECIPITACION,PTPM_TT_M,Precipitación total mensual,Mensual,1964-10-01 00:00,57,50,,900
24037390,CAPITANEJO [24037390],6.5132080560,-72.69545306,1160,Limnimétrica,INSTITUTO DE HIDROLOGIA METEOROLOGIA Y ESTUDIOS AMBIENTALES,Area Operativa 06 - Boyacá-Casanare-Vichada,Santander,Capitanejo,15/06/1974 00:00,,PRECIPITACION,PTPM_TT_M,Precipitación total mensual,Mensual,1964-11-01 00:00,22,50,,900
24037390,CAPITANEJO [24037390],6.5132080560,-72.69545306,1160,Limnimétrica,INSTITUTO DE HIDROLOGIA METEOROLOGIA Y ESTUDIOS AMBIENTALES,Area Operativa 06 - Boyacá-Casanare-Vichada,Santander,Capitanejo,15/06/1974 00:00,,PRECIPITACION,PTPM_TT_M,Precipitación total mensual,Mensual,1964-12-01 00:00,22.8,50,,900
24037390,CAPITANEJO [24037390],6.5132080560,-72.69545306,1160,Limnimétrica,INSTITUTO DE HIDROLOGIA METEOROLOGIA Y ESTUDIOS AMBIENTALES,Area Operativa 06 - Boyacá-Casanare-Vichada,Santander,Capitanejo,15/06/1974 00:00,,PRECIPITACION,PTPM_TT_M,Precipitación total mensual,Mensual,1965-01-01 00:00,0,50,,900
24037390,CAPITANEJO [24037390],6.5132080560,-72.69545306,1160,Limnimétrica,INSTITUTO DE HIDROLOGIA METEOROLOGIA Y ESTUDIOS AMBIENTALES,Area Operativa 06 - Boyacá-Casanare-Vichada,Santander,Capitanejo,15/06/1974 00:00,,PRECIPITACION,PTPM_TT_M,Precipitación total mensual,Mensual,1965-02-01 00:00,17,50,,900
24037390,CAPITANEJO [24037390],6.5132080560,-72.69545306,1160,Limnimétrica,INSTITUTO DE HIDROLOGIA METEOROLOGIA Y ESTUDIOS AMBIENTALES,Area Operativa 06 - Boyacá-Casanare-Vichada,Santander,Capitanejo,15/06/1974 00:00,,PRECIPITACION,PTPM_TT_M,Precipitación total mensual,Mensual,1965-03-01 00:00,29,50,,900
24037390,CAPITANEJO [24037390],6.5132080560,-72.69545306,1160,Limnimétrica,INSTITUTO DE HIDROLOGIA METEOROLOGIA Y ESTUDIOS AMBIENTALES,Area Operativa 06 - Boyacá-Casanare-Vichada,Santander,Capitanejo,15/06/1974 00:00,,PRECIPITACION,PTPM_TT_M,Precipitación total mensual,Mensual,1965-04-01 00:00,82.5,50,,900
24037390,CAPITANEJO [24037390],6.5132080560,-72.69545306,1160,Limnimétrica,INSTITUTO DE HIDROLOGIA METEOROLOGIA Y ESTUDIOS AMBIENTALES,Area Operativa 06 - Boyacá-Casanare-Vichada,Santander,Capitanejo,15/06/1974 00:00,,PRECIPITACION,PTPM_TT_M,Precipitación total mensual,Mensual,1965-05-01 00:00,196,50,,900
24037390,CAPITANEJO [24037390],6.5132080560,-72.69545306,1160,Limnimétrica,INSTITUTO DE HIDROLOGIA METEOROLOGIA Y ESTUDIOS AMBIENTALES,Area Operativa 06 - Boyacá-Casanare-Vichada,Santander,Capitanejo,15/06/1974 00:00,,PRECIPITACION,PTPM_TT_M,Precipitación total mensual,Mensual,1965-07-01 00:00,26.5,4,,900
24037390,CAPITANEJO [24037390],6.5132080560,-72.69545306,1160,Limnimétrica,INSTITUTO DE HIDROLOGIA METEOROLOGIA Y ESTUDIOS AMBIENTALES,Area Operativa 06 - Boyacá-Casanare-Vichada,Santander,Capitanejo,15/06/1974 00:00,,PRECIPITACION,PTPM_TT_M,Precipitación total mensual,Mensual,1965-08-01 00:00,65.5,50,,900
24037390,CAPITANEJO [24037390],6.5132080560,-72.69545306,1160,Limnimétrica,INSTITUTO DE HIDROLOGIA METEOROLOGIA Y ESTUDIOS AMBIENTALES,Area Operativa 06 - Boyacá-Casanare-Vichada,Santander,Capitanejo,15/06/1974 00:00,,PRECIPITACION,PTPM_TT_M,Precipitación total mensual,Mensual,1965-09-01 00:00,104,50,,900
24037390,CAPITANEJO [24037390],6.5132080560,-72.69545306,1160,Limnimétrica,INSTITUTO DE HIDROLOGIA METEOROLOGIA Y ESTUDIOS AMBIENTALES,Area Operativa 06 - Boyacá-Casanare-Vichada,Santander,Capitanejo,15/06/1974 00:00,,PRECIPITACION,PTPM_TT_M,Precipitación total mensual,Mensual,1965-10-01 00:00,116.5,50,,900
24037390,CAPITANEJO [24037390],6.5132080560,-72.69545306,1160,Limnimétrica,INSTITUTO DE HIDROLOGIA METEOROLOGIA Y ESTUDIOS AMBIENTALES,Area Operativa 06 - Boyacá-Casanare-Vichada,Santander,Capitanejo,15/06/1974 00:00,,PRECIPITACION,PTPM_TT_M,Precipitación total mensual,Mensual,1968-01-01 00:00,0,4,,900
24037390,CAPITANEJO [24037390],6.5132080560,-72.69545306,1160,Limnimétrica,INSTITUTO DE HIDROLOGIA METEOROLOGIA Y ESTUDIOS AMBIENTALES,Area Operativa 06 - Boyacá-Casanare-Vichada,Santander,Capitanejo,15/06/1974 00:00,,PRECIPITACION,PTPM_TT_M,Precipitación total mensual,Mensual,1968-02-01 00:00,0,50,,900
24037390,CAPITANEJO [24037390],6.5132080560,-72.69545306,1160,Limnimétrica,INSTITUTO DE HIDROLOGIA METEOROLOGIA Y ESTUDIOS AMBIENTALES,Area Operativa 06 - Boyacá-Casanare-Vichada,Santander,Capitanejo,15/06/1974 00:00,,PRECIPITACION,PTPM_TT_M,Precipitación total mensual,Mensual,1968-03-01 00:00,42,50,,900
24037390,CAPITANEJO [24037390],6.5132080560,-72.69545306,1160,Limnimétrica,INSTITUTO DE HIDROLOGIA METEOROLOGIA Y ESTUDIOS AMBIENTALES,Area Operativa 06 - Boyacá-Casanare-Vichada,Santander,Capitanejo,15/06/1974 00:00,,PRECIPITACION,PTPM_TT_M,Precipitación total mensual,Mensual,1968-04-01 00:00,184,50,,900
24037390,CAPITANEJO [24037390],6.5132080560,-72.69545306,1160,Limnimétrica,INSTITUTO DE HIDROLOGIA METEOROLOGIA Y ESTUDIOS AMBIENTALES,Area Operativa 06 - Boyacá-Casanare-Vichada,Santander,Capitanejo,15/06/1974 00:00,,PRECIPITACION,PTPM_TT_M,Precipitación total mensual,Mensual,1968-05-01 00:00,148,50,,900
24037390,CAPITANEJO [24037390],6.5132080560,-72.69545306,1160,Limnimétrica,INSTITUTO DE HIDROLOGIA METEOROLOGIA Y ESTUDIOS AMBIENTALES,Area Operativa 06 - Boyacá-Casanare-Vichada,Santander,Capitanejo,15/06/1974 00:00,,PRECIPITACION,PTPM_TT_M,Precipitación total mensual,Mensual,1968-06-01 00:00,80,50,,900
24037390,CAPITANEJO [24037390],6.5132080560,-72.69545306,1160,Limnimétrica,INSTITUTO DE HIDROLOGIA METEOROLOGIA Y ESTUDIOS AMBIENTALES,Area Operativa 06 - Boyacá-Casanare-Vichada,Santander,Capitanejo,15/06/1974 00:00,,PRECIPITACION,PTPM_TT_M,Precipitación total mensual,Mensual,1968-07-01 00:00,17.5,50,,900
24037390,CAPITANEJO [24037390],6.5132080560,-72.69545306,1160,Limnimétrica,INSTITUTO DE HIDROLOGIA METEOROLOGIA Y ESTUDIOS AMBIENTALES,Area Operativa 06 - Boyacá-Casanare-Vichada,Santander,Capitanejo,15/06/1974 00:00,,PRECIPITACION,PTPM_TT_M,Precipitación total mensual,Mensual,1968-08-01 00:00,66.5,50,,900
24037390,CAPITANEJO [24037390],6.5132080560,-72.69545306,1160,Limnimétrica,INSTITUTO DE HIDROLOGIA METEOROLOGIA Y ESTUDIOS AMBIENTALES,Area Operativa 06 - Boyacá-Casanare-Vichada,Santander,Capitanejo,15/06/1974 00:00,,PRECIPITACION,PTPM_TT_M,Precipitación total mensual,Mensual,1968-09-01 00:00,107.5,50,,900
24037390,CAPITANEJO [24037390],6.5132080560,-72.69545306,1160,Limnimétrica,INSTITUTO DE HIDROLOGIA METEOROLOGIA Y ESTUDIOS AMBIENTALES,Area Operativa 06 - Boyacá-Casanare-Vichada,Santander,Capitanejo,15/06/1974 00:00,,PRECIPITACION,PTPM_TT_M,Precipitación total mensual,Mensual,1968-10-01 00:00,183,50,,900
24037390,CAPITANEJO [24037390],6.5132080560,-72.69545306,1160,Limnimétrica,INSTITUTO DE HIDROLOGIA METEOROLOGIA Y ESTUDIOS AMBIENTALES,Area Operativa 06 - Boyacá-Casanare-Vichada,Santander,Capitanejo,15/06/1974 00:00,,PRECIPITACION,PTPM_TT_M,Precipitación total mensual,Mensual,1968-11-01 00:00,48,50,,900
24037390,CAPITANEJO [24037390],6.5132080560,-72.69545306,1160,Limnimétrica,INSTITUTO DE HIDROLOGIA METEOROLOGIA Y ESTUDIOS AMBIENTALES,Area Operativa 06 - Boyacá-Casanare-Vichada,Santander,Capitanejo,15/06/1974 00:00,,PRECIPITACION,PTPM_TT_M,Precipitación total mensual,Mensual,1968-12-01 00:00,18,50,,900
24037390,CAPITANEJO [24037390],6.5132080560,-72.69545306,1160,Limnimétrica,INSTITUTO DE HIDROLOGIA METEOROLOGIA Y ESTUDIOS AMBIENTALES,Area Operativa 06 - Boyacá-Casanare-Vichada,Santander,Capitanejo,15/06/1974 00:00,,PRECIPITACION,PTPM_TT_M,Precipitación total mensual,Mensual,1969-01-01 00:00,44.5,50,,900
24037390,CAPITANEJO [24037390],6.5132080560,-72.69545306,1160,Limnimétrica,INSTITUTO DE HIDROLOGIA METEOROLOGIA Y ESTUDIOS AMBIENTALES,Area Operativa 06 - Boyacá-Casanare-Vichada,Santander,Capitanejo,15/06/1974 00:00,,PRECIPITACION,PTPM_TT_M,Precipitación total mensual,Mensual,1969-02-01 00:00,16.5,50,,900
24037390,CAPITANEJO [24037390],6.5132080560,-72.69545306,1160,Limnimétrica,INSTITUTO DE HIDROLOGIA METEOROLOGIA Y ESTUDIOS AMBIENTALES,Area Operativa 06 - Boyacá-Casanare-Vichada,Santander,Capitanejo,15/06/1974 00:00,,PRECIPITACION,PTPM_TT_M,Precipitación total mensual,Mensual,1969-03-01 00:00,23,50,,900
24037390,CAPITANEJO [24037390],6.5132080560,-72.69545306,1160,Limnimétrica,INSTITUTO DE HIDROLOGIA METEOROLOGIA Y ESTUDIOS AMBIENTALES,Area Operativa 06 - Boyacá-Casanare-Vichada,Santander,Capitanejo,15/06/1974 00:00,,PRECIPITACION,PTPM_TT_M,Precipitación total mensual,Mensual,1969-04-01 00:00,146.5,50,,900
24037390,CAPITANEJO [24037390],6.5132080560,-72.69545306,1160,Limnimétrica,INSTITUTO DE HIDROLOGIA METEOROLOGIA Y ESTUDIOS AMBIENTALES,Area Operativa 06 - Boyacá-Casanare-Vichada,Santander,Capitanejo,15/06/1974 00:00,,PRECIPITACION,PTPM_TT_M,Precipitación total mensual,Mensual,1969-05-01 00:00,76,50,,900
24037390,CAPITANEJO [24037390],6.5132080560,-72.69545306,1160,Limnimétrica,INSTITUTO DE HIDROLOGIA METEOROLOGIA Y ESTUDIOS AMBIENTALES,Area Operativa 06 - Boyacá-Casanare-Vichada,Santander,Capitanejo,15/06/1974 00:00,,PRECIPITACION,PTPM_TT_M,Precipitación total mensual,Mensual,1969-06-01 00:00,60.5,50,,900
24037390,CAPITANEJO [24037390],6.5132080560,-72.69545306,1160,Limnimétrica,INSTITUTO DE HIDROLOGIA METEOROLOGIA Y ESTUDIOS AMBIENTALES,Area Operativa 06 - Boyacá-Casanare-Vichada,Santander,Capitanejo,15/06/1974 00:00,,PRECIPITACION,PTPM_TT_M,Precipitación total mensual,Mensual,1969-07-01 00:00,34.5,50,,900
24037390,CAPITANEJO [24037390],6.5132080560,-72.69545306,1160,Limnimétrica,INSTITUTO DE HIDROLOGIA METEOROLOGIA Y ESTUDIOS AMBIENTALES,Area Operativa 06 - Boyacá-Casanare-Vichada,Santander,Capitanejo,15/06/1974 00:00,,PRECIPITACION,PTPM_TT_M,Precipitación total mensual,Mensual,1969-08-01 00:00,58.5,50,,900
24037390,CAPITANEJO [24037390],6.5132080560,-72.69545306,1160,Limnimétrica,INSTITUTO DE HIDROLOGIA METEOROLOGIA Y ESTUDIOS AMBIENTALES,Area Operativa 06 - Boyacá-Casanare-Vichada,Santander,Capitanejo,15/06/1974 00:00,,PRECIPITACION,PTPM_TT_M,Precipitación total mensual,Mensual,1969-09-01 00:00,154.5,50,,900
24037390,CAPITANEJO [24037390],6.5132080560,-72.69545306,1160,Limnimétrica,INSTITUTO DE HIDROLOGIA METEOROLOGIA Y ESTUDIOS AMBIENTALES,Area Operativa 06 - Boyacá-Casanare-Vichada,Santander,Capitanejo,15/06/1974 00:00,,PRECIPITACION,PTPM_TT_M,Precipitación total mensual,Mensual,1969-10-01 00:00,139,50,,900
24037390,CAPITANEJO [24037390],6.5132080560,-72.69545306,1160,Limnimétrica,INSTITUTO DE HIDROLOGIA METEOROLOGIA Y ESTUDIOS AMBIENTALES,Area Operativa 06 - Boyacá-Casanare-Vichada,Santander,Capitanejo,15/06/1974 00:00,,PRECIPITACION,PTPM_TT_M,Precipitación total mensual,Mensual,1969-11-01 00:00,27.5,50,,900
24037390,CAPITANEJO [24037390],6.5132080560,-72.69545306,1160,Limnimétrica,INSTITUTO DE HIDROLOGIA METEOROLOGIA Y ESTUDIOS AMBIENTALES,Area Operativa 06 - Boyacá-Casanare-Vichada,Santander,Capitanejo,15/06/1974 00:00,,PRECIPITACION,PTPM_TT_M,Precipitación total mensual,Mensual,1969-12-01 00:00,13,50,,900
24037390,CAPITANEJO [24037390],6.5132080560,-72.69545306,1160,Limnimétrica,INSTITUTO DE HIDROLOGIA METEOROLOGIA Y ESTUDIOS AMBIENTALES,Area Operativa 06 - Boyacá-Casanare-Vichada,Santander,Capitanejo,15/06/1974 00:00,,PRECIPITACION,PTPM_TT_M,Precipitación total mensual,Mensual,1970-01-01 00:00,24,50,,900
24037390,CAPITANEJO [24037390],6.5132080560,-72.69545306,1160,Limnimétrica,INSTITUTO DE HIDROLOGIA METEOROLOGIA Y ESTUDIOS AMBIENTALES,Area Operativa 06 - Boyacá-Casanare-Vichada,Santander,Capitanejo,15/06/1974 00:00,,PRECIPITACION,PTPM_TT_M,Precipitación total mensual,Mensual,1970-02-01 00:00,0,50,,900
24037390,CAPITANEJO [24037390],6.5132080560,-72.69545306,1160,Limnimétrica,INSTITUTO DE HIDROLOGIA METEOROLOGIA Y ESTUDIOS AMBIENTALES,Area Operativa 06 - Boyacá-Casanare-Vichada,Santander,Capitanejo,15/06/1974 00:00,,PRECIPITACION,PTPM_TT_M,Precipitación total mensual,Mensual,1970-03-01 00:00,45,50,,900
24037390,CAPITANEJO [24037390],6.5132080560,-72.69545306,1160,Limnimétrica,INSTITUTO DE HIDROLOGIA METEOROLOGIA Y ESTUDIOS AMBIENTALES,Area Operativa 06 - Boyacá-Casanare-Vichada,Santander,Capitanejo,15/06/1974 00:00,,PRECIPITACION,PTPM_TT_M,Precipitación total mensual,Mensual,1970-04-01 00:00,109.5,50,,900
24037390,CAPITANEJO [24037390],6.5132080560,-72.69545306,1160,Limnimétrica,INSTITUTO DE HIDROLOGIA METEOROLOGIA Y ESTUDIOS AMBIENTALES,Area Operativa 06 - Boyacá-Casanare-Vichada,Santander,Capitanejo,15/06/1974 00:00,,PRECIPITACION,PTPM_TT_M,Precipitación total mensual,Mensual,1970-05-01 00:00,87,50,,900
24037390,CAPITANEJO [24037390],6.5132080560,-72.69545306,1160,Limnimétrica,INSTITUTO DE HIDROLOGIA METEOROLOGIA Y ESTUDIOS AMBIENTALES,Area Operativa 06 - Boyacá-Casanare-Vichada,Santander,Capitanejo,15/06/1974 00:00,,PRECIPITACION,PTPM_TT_M,Precipitación total mensual,Mensual,1970-06-01 00:00,74,50,,900
24037390,CAPITANEJO [24037390],6.5132080560,-72.69545306,1160,Limnimétrica,INSTITUTO DE HIDROLOGIA METEOROLOGIA Y ESTUDIOS AMBIENTALES,Area Operativa 06 - Boyacá-Casanare-Vichada,Santander,Capitanejo,15/06/1974 00:00,,PRECIPITACION,PTPM_TT_M,Precipitación total mensual,Mensual,1970-07-01 00:00,48,50,,900
24037390,CAPITANEJO [24037390],6.5132080560,-72.69545306,1160,Limnimétrica,INSTITUTO DE HIDROLOGIA METEOROLOGIA Y ESTUDIOS AMBIENTALES,Area Operativa 06 - Boyacá-Casanare-Vichada,Santander,Capitanejo,15/06/1974 00:00,,PRECIPITACION,PTPM_TT_M,Precipitación total mensual,Mensual,1970-08-01 00:00,33,50,,900
24037390,CAPITANEJO [24037390],6.5132080560,-72.69545306,1160,Limnimétrica,INSTITUTO DE HIDROLOGIA METEOROLOGIA Y ESTUDIOS AMBIENTALES,Area Operativa 06 - Boyacá-Casanare-Vichada,Santander,Capitanejo,15/06/1974 00:00,,PRECIPITACION,PTPM_TT_M,Precipitación total mensual,Mensual,1970-09-01 00:00,97.5,50,,900
24037390,CAPITANEJO [24037390],6.5132080560,-72.69545306,1160,Limnimétrica,INSTITUTO DE HIDROLOGIA METEOROLOGIA Y ESTUDIOS AMBIENTALES,Area Operativa 06 - Boyacá-Casanare-Vichada,Santander,Capitanejo,15/06/1974 00:00,,PRECIPITACION,PTPM_TT_M,Precipitación total mensual,Mensual,1970-10-01 00:00,128,50,,900
24037390,CAPITANEJO [24037390],6.5132080560,-72.69545306,1160,Limnimétrica,INSTITUTO DE HIDROLOGIA METEOROLOGIA Y ESTUDIOS AMBIENTALES,Area Operativa 06 - Boyacá-Casanare-Vichada,Santander,Capitanejo,15/06/1974 00:00,,PRECIPITACION,PTPM_TT_M,Precipitación total mensual,Mensual,1970-11-01 00:00,89,50,,900
24037390,CAPITANEJO [24037390],6.5132080560,-72.69545306,1160,Limnimétrica,INSTITUTO DE HIDROLOGIA METEOROLOGIA Y ESTUDIOS AMBIENTALES,Area Operativa 06 - Boyacá-Casanare-Vichada,Santander,Capitanejo,15/06/1974 00:00,,PRECIPITACION,PTPM_TT_M,Precipitación total mensual,Mensual,1970-12-01 00:00,57,50,,900
24037390,CAPITANEJO [24037390],6.5132080560,-72.69545306,1160,Limnimétrica,INSTITUTO DE HIDROLOGIA METEOROLOGIA Y ESTUDIOS AMBIENTALES,Area Operativa 06 - Boyacá-Casanare-Vichada,Santander,Capitanejo,15/06/1974 00:00,,PRECIPITACION,PTPM_TT_M,Precipitación total mensual,Mensual,1971-01-01 00:00,74,50,,900
24037390,CAPITANEJO [24037390],6.5132080560,-72.69545306,1160,Limnimétrica,INSTITUTO DE HIDROLOGIA METEOROLOGIA Y ESTUDIOS AMBIENTALES,Area Operativa 06 - Boyacá-Casanare-Vichada,Santander,Capitanejo,15/06/1974 00:00,,PRECIPITACION,PTPM_TT_M,Precipitación total mensual,Mensual,1971-02-01 00:00,55,50,,900
24037390,CAPITANEJO [24037390],6.5132080560,-72.69545306,1160,Limnimétrica,INSTITUTO DE HIDROLOGIA METEOROLOGIA Y ESTUDIOS AMBIENTALES,Area Operativa 06 - Boyacá-Casanare-Vichada,Santander,Capitanejo,15/06/1974 00:00,,PRECIPITACION,PTPM_TT_M,Precipitación total mensual,Mensual,1971-03-01 00:00,55,50,,900
24037390,CAPITANEJO [24037390],6.5132080560,-72.69545306,1160,Limnimétrica,INSTITUTO DE HIDROLOGIA METEOROLOGIA Y ESTUDIOS AMBIENTALES,Area Operativa 06 - Boyacá-Casanare-Vichada,Santander,Capitanejo,15/06/1974 00:00,,PRECIPITACION,PTPM_TT_M,Precipitación total mensual,Mensual,1971-04-01 00:00,39,50,,900
24037390,CAPITANEJO [24037390],6.5132080560,-72.69545306,1160,Limnimétrica,INSTITUTO DE HIDROLOGIA METEOROLOGIA Y ESTUDIOS AMBIENTALES,Area Operativa 06 - Boyacá-Casanare-Vichada,Santander,Capitanejo,15/06/1974 00:00,,PRECIPITACION,PTPM_TT_M,Precipitación total mensual,Mensual,1971-05-01 00:00,157,50,,900
24037390,CAPITANEJO [24037390],6.5132080560,-72.69545306,1160,Limnimétrica,INSTITUTO DE HIDROLOGIA METEOROLOGIA Y ESTUDIOS AMBIENTALES,Area Operativa 06 - Boyacá-Casanare-Vichada,Santander,Capitanejo,15/06/1974 00:00,,PRECIPITACION,PTPM_TT_M,Precipitación total mensual,Mensual,1971-06-01 00:00,39,50,,900
24037390,CAPITANEJO [24037390],6.5132080560,-72.69545306,1160,Limnimétrica,INSTITUTO DE HIDROLOGIA METEOROLOGIA Y ESTUDIOS AMBIENTALES,Area Operativa 06 - Boyacá-Casanare-Vichada,Santander,Capitanejo,15/06/1974 00:00,,PRECIPITACION,PTPM_TT_M,Precipitación total mensual,Mensual,1971-07-01 00:00,30,50,,900
24037390,CAPITANEJO [24037390],6.5132080560,-72.69545306,1160,Limnimétrica,INSTITUTO DE HIDROLOGIA METEOROLOGIA Y ESTUDIOS AMBIENTALES,Area Operativa 06 - Boyacá-Casanare-Vichada,Santander,Capitanejo,15/06/1974 00:00,,PRECIPITACION,PTPM_TT_M,Precipitación total mensual,Mensual,1971-08-01 00:00,80,50,,900
24037390,CAPITANEJO [24037390],6.5132080560,-72.69545306,1160,Limnimétrica,INSTITUTO DE HIDROLOGIA METEOROLOGIA Y ESTUDIOS AMBIENTALES,Area Operativa 06 - Boyacá-Casanare-Vichada,Santander,Capitanejo,15/06/1974 00:00,,PRECIPITACION,PTPM_TT_M,Precipitación total mensual,Mensual,1971-09-01 00:00,115.5,50,,900
24037390,CAPITANEJO [24037390],6.5132080560,-72.69545306,1160,Limnimétrica,INSTITUTO DE HIDROLOGIA METEOROLOGIA Y ESTUDIOS AMBIENTALES,Area Operativa 06 - Boyacá-Casanare-Vichada,Santander,Capitanejo,15/06/1974 00:00,,PRECIPITACION,PTPM_TT_M,Precipitación total mensual,Mensual,1971-10-01 00:00,137.5,50,,900
24037390,CAPITANEJO [24037390],6.5132080560,-72.69545306,1160,Limnimétrica,INSTITUTO DE HIDROLOGIA METEOROLOGIA Y ESTUDIOS AMBIENTALES,Area Operativa 06 - Boyacá-Casanare-Vichada,Santander,Capitanejo,15/06/1974 00:00,,PRECIPITACION,PTPM_TT_M,Precipitación total mensual,Mensual,1971-11-01 00:00,25,50,,900
24037390,CAPITANEJO [24037390],6.5132080560,-72.69545306,1160,Limnimétrica,INSTITUTO DE HIDROLOGIA METEOROLOGIA Y ESTUDIOS AMBIENTALES,Area Operativa 06 - Boyacá-Casanare-Vichada,Santander,Capitanejo,15/06/1974 00:00,,PRECIPITACION,PTPM_TT_M,Precipitación total mensual,Mensual,1971-12-01 00:00,60,50,,900
24037390,CAPITANEJO [24037390],6.5132080560,-72.69545306,1160,Limnimétrica,INSTITUTO DE HIDROLOGIA METEOROLOGIA Y ESTUDIOS AMBIENTALES,Area Operativa 06 - Boyacá-Casanare-Vichada,Santander,Capitanejo,15/06/1974 00:00,,PRECIPITACION,PTPM_TT_M,Precipitación total mensual,Mensual,1972-01-01 00:00,58.5,50,,900
24037390,CAPITANEJO [24037390],6.5132080560,-72.69545306,1160,Limnimétrica,INSTITUTO DE HIDROLOGIA METEOROLOGIA Y ESTUDIOS AMBIENTALES,Area Operativa 06 - Boyacá-Casanare-Vichada,Santander,Capitanejo,15/06/1974 00:00,,PRECIPITACION,PTPM_TT_M,Precipitación total mensual,Mensual,1972-02-01 00:00,61,50,,900
24037390,CAPITANEJO [24037390],6.5132080560,-72.69545306,1160,Limnimétrica,INSTITUTO DE HIDROLOGIA METEOROLOGIA Y ESTUDIOS AMBIENTALES,Area Operativa 06 - Boyacá-Casanare-Vichada,Santander,Capitanejo,15/06/1974 00:00,,PRECIPITACION,PTPM_TT_M,Precipitación total mensual,Mensual,1972-03-01 00:00,72,50,,900
24037390,CAPITANEJO [24037390],6.5132080560,-72.69545306,1160,Limnimétrica,INSTITUTO DE HIDROLOGIA METEOROLOGIA Y ESTUDIOS AMBIENTALES,Area Operativa 06 - Boyacá-Casanare-Vichada,Santander,Capitanejo,15/06/1974 00:00,,PRECIPITACION,PTPM_TT_M,Precipitación total mensual,Mensual,1972-04-01 00:00,236,50,,900
24037390,CAPITANEJO [24037390],6.5132080560,-72.69545306,1160,Limnimétrica,INSTITUTO DE HIDROLOGIA METEOROLOGIA Y ESTUDIOS AMBIENTALES,Area Operativa 06 - Boyacá-Casanare-Vichada,Santander,Capitanejo,15/06/1974 00:00,,PRECIPITACION,PTPM_TT_M,Precipitación total mensual,Mensual,1972-05-01 00:00,113,50,,900
24037390,CAPITANEJO [24037390],6.5132080560,-72.69545306,1160,Limnimétrica,INSTITUTO DE HIDROLOGIA METEOROLOGIA Y ESTUDIOS AMBIENTALES,Area Operativa 06 - Boyacá-Casanare-Vichada,Santander,Capitanejo,15/06/1974 00:00,,PRECIPITACION,PTPM_TT_M,Precipitación total mensual,Mensual,1972-06-01 00:00,178,50,,900
24037390,CAPITANEJO [24037390],6.5132080560,-72.69545306,1160,Limnimétrica,INSTITUTO DE HIDROLOGIA METEOROLOGIA Y ESTUDIOS AMBIENTALES,Area Operativa 06 - Boyacá-Casanare-Vichada,Santander,Capitanejo,15/06/1974 00:00,,PRECIPITACION,PTPM_TT_M,Precipitación total mensual,Mensual,1972-07-01 00:00,20,50,,900
24037390,CAPITANEJO [24037390],6.5132080560,-72.69545306,1160,Limnimétrica,INSTITUTO DE HIDROLOGIA METEOROLOGIA Y ESTUDIOS AMBIENTALES,Area Operativa 06 - Boyacá-Casanare-Vichada,Santander,Capitanejo,15/06/1974 00:00,,PRECIPITACION,PTPM_TT_M,Precipitación total mensual,Mensual,1972-08-01 00:00,50,50,,900
24037390,CAPITANEJO [24037390],6.5132080560,-72.69545306,1160,Limnimétrica,INSTITUTO DE HIDROLOGIA METEOROLOGIA Y ESTUDIOS AMBIENTALES,Area Operativa 06 - Boyacá-Casanare-Vichada,Santander,Capitanejo,15/06/1974 00:00,,PRECIPITACION,PTPM_TT_M,Precipitación total mensual,Mensual,1972-09-01 00:00,57,50,,900
24037390,CAPITANEJO [24037390],6.5132080560,-72.69545306,1160,Limnimétrica,INSTITUTO DE HIDROLOGIA METEOROLOGIA Y ESTUDIOS AMBIENTALES,Area Operativa 06 - Boyacá-Casanare-Vichada,Santander,Capitanejo,15/06/1974 00:00,,PRECIPITACION,PTPM_TT_M,Precipitación total mensual,Mensual,1972-10-01 00:00,65.5,50,,900
24037390,CAPITANEJO [24037390],6.5132080560,-72.69545306,1160,Limnimétrica,INSTITUTO DE HIDROLOGIA METEOROLOGIA Y ESTUDIOS AMBIENTALES,Area Operativa 06 - Boyacá-Casanare-Vichada,Santander,Capitanejo,15/06/1974 00:00,,PRECIPITACION,PTPM_TT_M,Precipitación total mensual,Mensual,1972-11-01 00:00,65.5,50,,900
24037390,CAPITANEJO [24037390],6.5132080560,-72.69545306,1160,Limnimétrica,INSTITUTO DE HIDROLOGIA METEOROLOGIA Y ESTUDIOS AMBIENTALES,Area Operativa 06 - Boyacá-Casanare-Vichada,Santander,Capitanejo,15/06/1974 00:00,,PRECIPITACION,PTPM_TT_M,Precipitación total mensual,Mensual,1972-12-01 00:00,25,50,,900
24037390,CAPITANEJO [24037390],6.5132080560,-72.69545306,1160,Limnimétrica,INSTITUTO DE HIDROLOGIA METEOROLOGIA Y ESTUDIOS AMBIENTALES,Area Operativa 06 - Boyacá-Casanare-Vichada,Santander,Capitanejo,15/06/1974 00:00,,PRECIPITACION,PTPM_TT_M,Precipitación total mensual,Mensual,1973-01-01 00:00,0,50,,900
24037390,CAPITANEJO [24037390],6.5132080560,-72.69545306,1160,Limnimétrica,INSTITUTO DE HIDROLOGIA METEOROLOGIA Y ESTUDIOS AMBIENTALES,Area Operativa 06 - Boyacá-Casanare-Vichada,Santander,Capitanejo,15/06/1974 00:00,,PRECIPITACION,PTPM_TT_M,Precipitación total mensual,Mensual,1973-02-01 00:00,0,50,,900
24037390,CAPITANEJO [24037390],6.5132080560,-72.69545306,1160,Limnimétrica,INSTITUTO DE HIDROLOGIA METEOROLOGIA Y ESTUDIOS AMBIENTALES,Area Operativa 06 - Boyacá-Casanare-Vichada,Santander,Capitanejo,15/06/1974 00:00,,PRECIPITACION,PTPM_TT_M,Precipitación total mensual,Mensual,1973-03-01 00:00,15,50,,900
24037390,CAPITANEJO [24037390],6.5132080560,-72.69545306,1160,Limnimétrica,INSTITUTO DE HIDROLOGIA METEOROLOGIA Y ESTUDIOS AMBIENTALES,Area Operativa 06 - Boyacá-Casanare-Vichada,Santander,Capitanejo,15/06/1974 00:00,,PRECIPITACION,PTPM_TT_M,Precipitación total mensual,Mensual,1973-04-01 00:00,62,50,,900
24037390,CAPITANEJO [24037390],6.5132080560,-72.69545306,1160,Limnimétrica,INSTITUTO DE HIDROLOGIA METEOROLOGIA Y ESTUDIOS AMBIENTALES,Area Operativa 06 - Boyacá-Casanare-Vichada,Santander,Capitanejo,15/06/1974 00:00,,PRECIPITACION,PTPM_TT_M,Precipitación total mensual,Mensual,1973-05-01 00:00,49,50,,900
24037390,CAPITANEJO [24037390],6.5132080560,-72.69545306,1160,Limnimétrica,INSTITUTO DE HIDROLOGIA METEOROLOGIA Y ESTUDIOS AMBIENTALES,Area Operativa 06 - Boyacá-Casanare-Vichada,Santander,Capitanejo,15/06/1974 00:00,,PRECIPITACION,PTPM_TT_M,Precipitación total mensual,Mensual,1973-06-01 00:00,51.5,50,,900
24037390,CAPITANEJO [24037390],6.5132080560,-72.69545306,1160,Limnimétrica,INSTITUTO DE HIDROLOGIA METEOROLOGIA Y ESTUDIOS AMBIENTALES,Area Operativa 06 - Boyacá-Casanare-Vichada,Santander,Capitanejo,15/06/1974 00:00,,PRECIPITACION,PTPM_TT_M,Precipitación total mensual,Mensual,1973-07-01 00:00,40,50,,900
24037390,CAPITANEJO [24037390],6.5132080560,-72.69545306,1160,Limnimétrica,INSTITUTO DE HIDROLOGIA METEOROLOGIA Y ESTUDIOS AMBIENTALES,Area Operativa 06 - Boyacá-Casanare-Vichada,Santander,Capitanejo,15/06/1974 00:00,,PRECIPITACION,PTPM_TT_M,Precipitación total mensual,Mensual,1973-08-01 00:00,95,50,,900
24037390,CAPITANEJO [24037390],6.5132080560,-72.69545306,1160,Limnimétrica,INSTITUTO DE HIDROLOGIA METEOROLOGIA Y ESTUDIOS AMBIENTALES,Area Operativa 06 - Boyacá-Casanare-Vichada,Santander,Capitanejo,15/06/1974 00:00,,PRECIPITACION,PTPM_TT_M,Precipitación total mensual,Mensual,1973-09-01 00:00,0,50,,900
24037390,CAPITANEJO [24037390],6.5132080560,-72.69545306,1160,Limnimétrica,INSTITUTO DE HIDROLOGIA METEOROLOGIA Y ESTUDIOS AMBIENTALES,Area Operativa 06 - Boyacá-Casanare-Vichada,Santander,Capitanejo,15/06/1974 00:00,,PRECIPITACION,PTPM_TT_M,Precipitación total mensual,Mensual,1973-10-01 00:00,0,50,,900
24037390,CAPITANEJO [24037390],6.5132080560,-72.69545306,1160,Limnimétrica,INSTITUTO DE HIDROLOGIA METEOROLOGIA Y ESTUDIOS AMBIENTALES,Area Operativa 06 - Boyacá-Casanare-Vichada,Santander,Capitanejo,15/06/1974 00:00,,PRECIPITACION,PTPM_TT_M,Precipitación total mensual,Mensual,1973-11-01 00:00,0,50,,900
24037390,CAPITANEJO [24037390],6.5132080560,-72.69545306,1160,Limnimétrica,INSTITUTO DE HIDROLOGIA METEOROLOGIA Y ESTUDIOS AMBIENTALES,Area Operativa 06 - Boyacá-Casanare-Vichada,Santander,Capitanejo,15/06/1974 00:00,,PRECIPITACION,PTPM_TT_M,Precipitación total mensual,Mensual,1973-12-01 00:00,0,50,,900
24037390,CAPITANEJO [24037390],6.5132080560,-72.69545306,1160,Limnimétrica,INSTITUTO DE HIDROLOGIA METEOROLOGIA Y ESTUDIOS AMBIENTALES,Area Operativa 06 - Boyacá-Casanare-Vichada,Santander,Capitanejo,15/06/1974 00:00,,PRECIPITACION,PTPM_TT_M,Precipitación total mensual,Mensual,1992-01-01 00:00,0.5,4,,900
24037390,CAPITANEJO [24037390],6.5132080560,-72.69545306,1160,Limnimétrica,INSTITUTO DE HIDROLOGIA METEOROLOGIA Y ESTUDIOS AMBIENTALES,Area Operativa 06 - Boyacá-Casanare-Vichada,Santander,Capitanejo,15/06/1974 00:00,,PRECIPITACION,PTPM_TT_M,Precipitación total mensual,Mensual,1992-02-01 00:00,1.2,50,,900
24037390,CAPITANEJO [24037390],6.5132080560,-72.69545306,1160,Limnimétrica,INSTITUTO DE HIDROLOGIA METEOROLOGIA Y ESTUDIOS AMBIENTALES,Area Operativa 06 - Boyacá-Casanare-Vichada,Santander,Capitanejo,15/06/1974 00:00,,PRECIPITACION,PTPM_TT_M,Precipitación total mensual,Mensual,1992-03-01 00:00,4.6,50,,900
24037390,CAPITANEJO [24037390],6.5132080560,-72.69545306,1160,Limnimétrica,INSTITUTO DE HIDROLOGIA METEOROLOGIA Y ESTUDIOS AMBIENTALES,Area Operativa 06 - Boyacá-Casanare-Vichada,Santander,Capitanejo,15/06/1974 00:00,,PRECIPITACION,PTPM_TT_M,Precipitación total mensual,Mensual,1992-04-01 00:00,37.6,50,,900
24037390,CAPITANEJO [24037390],6.5132080560,-72.69545306,1160,Limnimétrica,INSTITUTO DE HIDROLOGIA METEOROLOGIA Y ESTUDIOS AMBIENTALES,Area Operativa 06 - Boyacá-Casanare-Vichada,Santander,Capitanejo,15/06/1974 00:00,,PRECIPITACION,PTPM_TT_M,Precipitación total mensual,Mensual,1992-05-01 00:00,114,50,,900
24037390,CAPITANEJO [24037390],6.5132080560,-72.69545306,1160,Limnimétrica,INSTITUTO DE HIDROLOGIA METEOROLOGIA Y ESTUDIOS AMBIENTALES,Area Operativa 06 - Boyacá-Casanare-Vichada,Santander,Capitanejo,15/06/1974 00:00,,PRECIPITACION,PTPM_TT_M,Precipitación total mensual,Mensual,1992-06-01 00:00,27.6,50,,900
24037390,CAPITANEJO [24037390],6.5132080560,-72.69545306,1160,Limnimétrica,INSTITUTO DE HIDROLOGIA METEOROLOGIA Y ESTUDIOS AMBIENTALES,Area Operativa 06 - Boyacá-Casanare-Vichada,Santander,Capitanejo,15/06/1974 00:00,,PRECIPITACION,PTPM_TT_M,Precipitación total mensual,Mensual,1992-07-01 00:00,42.4,50,,900
24037390,CAPITANEJO [24037390],6.5132080560,-72.69545306,1160,Limnimétrica,INSTITUTO DE HIDROLOGIA METEOROLOGIA Y ESTUDIOS AMBIENTALES,Area Operativa 06 - Boyacá-Casanare-Vichada,Santander,Capitanejo,15/06/1974 00:00,,PRECIPITACION,PTPM_TT_M,Precipitación total mensual,Mensual,1992-08-01 00:00,85,50,,900
24037390,CAPITANEJO [24037390],6.5132080560,-72.69545306,1160,Limnimétrica,INSTITUTO DE HIDROLOGIA METEOROLOGIA Y ESTUDIOS AMBIENTALES,Area Operativa 06 - Boyacá-Casanare-Vichada,Santander,Capitanejo,15/06/1974 00:00,,PRECIPITACION,PTPM_TT_M,Precipitación total mensual,Mensual,1992-09-01 00:00,37.6,50,,900
24037390,CAPITANEJO [24037390],6.5132080560,-72.69545306,1160,Limnimétrica,INSTITUTO DE HIDROLOGIA METEOROLOGIA Y ESTUDIOS AMBIENTALES,Area Operativa 06 - Boyacá-Casanare-Vichada,Santander,Capitanejo,15/06/1974 00:00,,PRECIPITACION,PTPM_TT_M,Precipitación total mensual,Mensual,1992-10-01 00:00,51.3,50,,900
24037390,CAPITANEJO [24037390],6.5132080560,-72.69545306,1160,Limnimétrica,INSTITUTO DE HIDROLOGIA METEOROLOGIA Y ESTUDIOS AMBIENTALES,Area Operativa 06 - Boyacá-Casanare-Vichada,Santander,Capitanejo,15/06/1974 00:00,,PRECIPITACION,PTPM_TT_M,Precipitación total mensual,Mensual,1992-11-01 00:00,65.4,50,,900
24037390,CAPITANEJO [24037390],6.5132080560,-72.69545306,1160,Limnimétrica,INSTITUTO DE HIDROLOGIA METEOROLOGIA Y ESTUDIOS AMBIENTALES,Area Operativa 06 - Boyacá-Casanare-Vichada,Santander,Capitanejo,15/06/1974 00:00,,PRECIPITACION,PTPM_TT_M,Precipitación total mensual,Mensual,1992-12-01 00:00,23.8,50,,900
24037390,CAPITANEJO [24037390],6.5132080560,-72.69545306,1160,Limnimétrica,INSTITUTO DE HIDROLOGIA METEOROLOGIA Y ESTUDIOS AMBIENTALES,Area Operativa 06 - Boyacá-Casanare-Vichada,Santander,Capitanejo,15/06/1974 00:00,,PRECIPITACION,PTPM_TT_M,Precipitación total mensual,Mensual,1993-01-01 00:00,28.3,50,,900
24037390,CAPITANEJO [24037390],6.5132080560,-72.69545306,1160,Limnimétrica,INSTITUTO DE HIDROLOGIA METEOROLOGIA Y ESTUDIOS AMBIENTALES,Area Operativa 06 - Boyacá-Casanare-Vichada,Santander,Capitanejo,15/06/1974 00:00,,PRECIPITACION,PTPM_TT_M,Precipitación total mensual,Mensual,1993-02-01 00:00,17.1,50,,900
24037390,CAPITANEJO [24037390],6.5132080560,-72.69545306,1160,Limnimétrica,INSTITUTO DE HIDROLOGIA METEOROLOGIA Y ESTUDIOS AMBIENTALES,Area Operativa 06 - Boyacá-Casanare-Vichada,Santander,Capitanejo,15/06/1974 00:00,,PRECIPITACION,PTPM_TT_M,Precipitación total mensual,Mensual,1993-03-01 00:00,78.3,50,,900
24037390,CAPITANEJO [24037390],6.5132080560,-72.69545306,1160,Limnimétrica,INSTITUTO DE HIDROLOGIA METEOROLOGIA Y ESTUDIOS AMBIENTALES,Area Operativa 06 - Boyacá-Casanare-Vichada,Santander,Capitanejo,15/06/1974 00:00,,PRECIPITACION,PTPM_TT_M,Precipitación total mensual,Mensual,1993-04-01 00:00,61.6,50,,900
24037390,CAPITANEJO [24037390],6.5132080560,-72.69545306,1160,Limnimétrica,INSTITUTO DE HIDROLOGIA METEOROLOGIA Y ESTUDIOS AMBIENTALES,Area Operativa 06 - Boyacá-Casanare-Vichada,Santander,Capitanejo,15/06/1974 00:00,,PRECIPITACION,PTPM_TT_M,Precipitación total mensual,Mensual,1993-05-01 00:00,145.2,50,,900
24037390,CAPITANEJO [24037390],6.5132080560,-72.69545306,1160,Limnimétrica,INSTITUTO DE HIDROLOGIA METEOROLOGIA Y ESTUDIOS AMBIENTALES,Area Operativa 06 - Boyacá-Casanare-Vichada,Santander,Capitanejo,15/06/1974 00:00,,PRECIPITACION,PTPM_TT_M,Precipitación total mensual,Mensual,1993-06-01 00:00,30.1,50,,900
24037390,CAPITANEJO [24037390],6.5132080560,-72.69545306,1160,Limnimétrica,INSTITUTO DE HIDROLOGIA METEOROLOGIA Y ESTUDIOS AMBIENTALES,Area Operativa 06 - Boyacá-Casanare-Vichada,Santander,Capitanejo,15/06/1974 00:00,,PRECIPITACION,PTPM_TT_M,Precipitación total mensual,Mensual,1993-07-01 00:00,45.8,50,,900
24037390,CAPITANEJO [24037390],6.5132080560,-72.69545306,1160,Limnimétrica,INSTITUTO DE HIDROLOGIA METEOROLOGIA Y ESTUDIOS AMBIENTALES,Area Operativa 06 - Boyacá-Casanare-Vichada,Santander,Capitanejo,15/06/1974 00:00,,PRECIPITACION,PTPM_TT_M,Precipitación total mensual,Mensual,1993-08-01 00:00,21.4,50,,900
24037390,CAPITANEJO [24037390],6.5132080560,-72.69545306,1160,Limnimétrica,INSTITUTO DE HIDROLOGIA METEOROLOGIA Y ESTUDIOS AMBIENTALES,Area Operativa 06 - Boyacá-Casanare-Vichada,Santander,Capitanejo,15/06/1974 00:00,,PRECIPITACION,PTPM_TT_M,Precipitación total mensual,Mensual,1993-09-01 00:00,150.3,50,,900
24037390,CAPITANEJO [24037390],6.5132080560,-72.69545306,1160,Limnimétrica,INSTITUTO DE HIDROLOGIA METEOROLOGIA Y ESTUDIOS AMBIENTALES,Area Operativa 06 - Boyacá-Casanare-Vichada,Santander,Capitanejo,15/06/1974 00:00,,PRECIPITACION,PTPM_TT_M,Precipitación total mensual,Mensual,1993-10-01 00:00,141,50,,900
24037390,CAPITANEJO [24037390],6.5132080560,-72.69545306,1160,Limnimétrica,INSTITUTO DE HIDROLOGIA METEOROLOGIA Y ESTUDIOS AMBIENTALES,Area Operativa 06 - Boyacá-Casanare-Vichada,Santander,Capitanejo,15/06/1974 00:00,,PRECIPITACION,PTPM_TT_M,Precipitación total mensual,Mensual,1993-11-01 00:00,33.2,50,,900
24037390,CAPITANEJO [24037390],6.5132080560,-72.69545306,1160,Limnimétrica,INSTITUTO DE HIDROLOGIA METEOROLOGIA Y ESTUDIOS AMBIENTALES,Area Operativa 06 - Boyacá-Casanare-Vichada,Santander,Capitanejo,15/06/1974 00:00,,PRECIPITACION,PTPM_TT_M,Precipitación total mensual,Mensual,1993-12-01 00:00,14.4,50,,900
