CodigoEstacion,NombreEstacion,Variable,Parametro,Fecha,Unidad,Valor,NivelAprobacion
24030300,CEPITA [24030300],PRECIPITACION,Precipitación total mensual,1958-09-01 00:00,mm,25.6,Preliminar
24030300,CEPITA [24030300],PRECIPITACION,Precipitación total mensual,1958-10-01 00:00,mm,34.2,Preliminar
24030300,CEPITA [24030300],PRECIPITACION,Precipitación total mensual,1958-11-01 00:00,mm,6,Preliminar
24030300,CEPITA [24030300],PRECIPITACION,Precipitación total mensual,1958-12-01 00:00,mm,88,Preliminar
24030300,CEPITA [24030300],PRECIPITACION,Precipitación total mensual,1959-01-01 00:00,mm,2,Preliminar
24030300,CEPITA [24030300],PRECIPITACION,Precipitación total mensual,1959-02-01 00:00,mm,7,Preliminar
24030300,CEPITA [24030300],PRECIPITACION,Precipitación total mensual,1959-03-01 00:00,mm,19,Preliminar
24030300,CEPITA [24030300],PRECIPITACION,Precipitación total mensual,1959-04-01 00:00,mm,20,Preliminar
24030300,CEPITA [24030300],PRECIPITACION,Precipitación total mensual,1959-05-01 00:00,mm,107,Preliminar
24030300,CEPITA [24030300],PRECIPITACION,Precipitación total mensual,1959-06-01 00:00,mm,38,Preliminar
24030300,CEPITA [24030300],PRECIPITACION,Precipitación total mensual,1959-07-01 00:00,mm,16,Preliminar
24030300,CEPITA [24030300],PRECIPITACION,Precipitación total mensual,1959-08-01 00:00,mm,121,Preliminar
24030300,CEPITA [24030300],PRECIPITACION,Precipitación total mensual,1959-11-01 00:00,mm,110,Preliminar
24030300,CEPITA [24030300],PRECIPITACION,Precipitación total mensual,1959-12-01 00:00,mm,19,Preliminar
24030300,CEPITA [24030300],PRECIPITACION,Precipitación total mensual,1960-01-01 00:00,mm,12,Preliminar
24030300,CEPITA [24030300],PRECIPITACION,Precipitación total mensual,1960-02-01 00:00,mm,31,Preliminar
24030300,CEPITA [24030300],PRECIPITACION,Precipitación total mensual,1960-03-01 00:00,mm,11,Preliminar
24030300,CEPITA [24030300],PRECIPITACION,Precipitación total mensual,1960-04-01 00:00,mm,83,Preliminar
24030300,CEPITA [24030300],PRECIPITACION,Precipitación total mensual,1960-05-01 00:00,mm,68,Preliminar
24030300,CEPITA [24030300],PRECIPITACION,Precipitación total mensual,1960-06-01 00:00,mm,108,Preliminar
24030300,CEPITA [24030300],PRECIPITACION,Precipitación total mensual,1960-07-01 00:00,mm,51,Preliminar
24030300,CEPITA [24030300],PRECIPITACION,Precipitación total mensual,1960-08-01 00:00,mm,89,Preliminar
24030300,CEPITA [24030300],PRECIPITACION,Precipitación total mensual,1960-10-01 00:00,mm,70,Preliminar
24030300,CEPITA [24030300],PRECIPITACION,Precipitación total mensual,1960-11-01 00:00,mm,92,Preliminar
24030300,CEPITA [24030300],PRECIPITACION,Precipitación total mensual,1960-12-01 00:00,mm,142,Preliminar
24030300,CEPITA [24030300],PRECIPITACION,Precipitación total mensual,1961-01-01 00:00,mm,0,Preliminar
24030300,CEPITA [24030300],PRECIPITACION,Precipitación total mensual,1961-02-01 00:00,mm,3,Preliminar
24030300,CEPITA [24030300],PRECIPITACION,Precipitación total mensual,1961-03-01 00:00,mm,64,Preliminar
24030300,CEPITA [24030300],PRECIPITACION,Precipitación total mensual,1961-04-01 00:00,mm,50,Preliminar
24030300,CEPITA [24030300],PRECIPITACION,Precipitación total mensual,1961-05-01 00:00,mm,14,Preliminar
24030300,CEPITA [24030300],PRECIPITACION,Precipitación total mensual,1961-06-01 00:00,mm,31,Preliminar
24030300,CEPITA [24030300],PRECIPITACION,Precipitación total mensual,1961-07-01 00:00,mm,23,Preliminar
24030300,CEPITA [24030300],PRECIPITACION,Precipitación total mensual,1961-08-01 00:00,mm,36,Preliminar
24030300,CEPITA [24030300],PRECIPITACION,Precipitación total mensual,1961-09-01 00:00,mm,53,Preliminar
24030300,CEPITA [24030300],PRECIPITACION,Precipitación total mensual,1961-10-01 00:00,mm,65,Preliminar
24030300,CEPITA [24030300],PRECIPITACION,Precipitación total mensual,1961-11-01 00:00,mm,72,Preliminar
24030300,CEPITA [24030300],PRECIPITACION,Precipitación total mensual,1961-12-01 00:00,mm,20,Preliminar
24030300,CEPITA [24030300],PRECIPITACION,Precipitación total mensual,1962-01-01 00:00,mm,7,Preliminar
24030300,CEPITA [24030300],PRECIPITACION,Precipitación total mensual,1962-02-01 00:00,mm,21,Preliminar
24030300,CEPITA [24030300],PRECIPITACION,Precipitación total mensual,1962-03-01 00:00,mm,80,Preliminar
24030300,CEPITA [24030300],PRECIPITACION,Precipitación total mensual,1962-04-01 00:00,mm,28,Preliminar
24030300,CEPITA [24030300],PRECIPITACION,Precipitación total mensual,1962-05-01 00:00,mm,62,Preliminar
24030300,CEPITA [24030300],PRECIPITACION,Precipitación total mensual,1962-06-01 00:00,mm,116,Preliminar
24030300,CEPITA [24030300],PRECIPITACION,Precipitación total mensual,1962-07-01 00:00,mm,12,Preliminar
24030300,CEPITA [24030300],PRECIPITACION,Precipitación total mensual,1962-08-01 00:00,mm,101,Preliminar
24030300,CEPITA [24030300],PRECIPITACION,Precipitación total mensual,1962-09-01 00:00,mm,50,Preliminar
24030300,CEPITA [24030300],PRECIPITACION,Precipitación total mensual,1962-10-01 00:00,mm,128,Preliminar
24030300,CEPITA [24030300],PRECIPITACION,Precipitación total mensual,1962-11-01 00:00,mm,104,Preliminar
24030300,CEPITA [24030300],PRECIPITACION,Precipitación total mensual,1962-12-01 00:00,mm,24,Preliminar
24030300,CEPITA [24030300],PRECIPITACION,Precipitación total mensual,1963-01-01 00:00,mm,0,Preliminar
24030300,CEPITA [24030300],PRECIPITACION,Precipitación total mensual,1963-02-01 00:00,mm,44,Preliminar
24030300,CEPITA [24030300],PRECIPITACION,Precipitación total mensual,1963-03-01 00:00,mm,44,Preliminar
24030300,CEPITA [24030300],PRECIPITACION,Precipitación total mensual,1963-04-01 00:00,mm,150,Preliminar
24030300,CEPITA [24030300],PRECIPITACION,Precipitación total mensual,1963-05-01 00:00,mm,95,Preliminar
24030300,CEPITA [24030300],PRECIPITACION,Precipitación total mensual,1963-06-01 00:00,mm,0,Preliminar
24030300,CEPITA [24030300],PRECIPITACION,Precipitación total mensual,1963-07-01 00:00,mm,150,Preliminar
24030300,CEPITA [24030300],PRECIPITACION,Precipitación total mensual,1963-08-01 00:00,mm,11,Preliminar
24030300,CEPITA [24030300],PRECIPITACION,Precipitación total mensual,1963-09-01 00:00,mm,117,Preliminar
24030300,CEPITA [24030300],PRECIPITACION,Precipitación total mensual,1963-10-01 00:00,mm,173,Preliminar
24030300,CEPITA [24030300],PRECIPITACION,Precipitación total mensual,1963-11-01 00:00,mm,38,Preliminar
24030300,CEPITA [24030300],PRECIPITACION,Precipitación total mensual,1963-12-01 00:00,mm,0,Preliminar
24030300,CEPITA [24030300],PRECIPITACION,Precipitación total mensual,1964-01-01 00:00,mm,36,Preliminar
24030300,CEPITA [24030300],PRECIPITACION,Precipitación total mensual,1964-02-01 00:00,mm,56,Preliminar
24030300,CEPITA [24030300],PRECIPITACION,Precipitación total mensual,1964-03-01 00:00,mm,0,Preliminar
24030300,CEPITA [24030300],PRECIPITACION,Precipitación total mensual,1964-04-01 00:00,mm,228,Preliminar
24030300,CEPITA [24030300],PRECIPITACION,Precipitación total mensual,1964-05-01 00:00,mm,26,Preliminar
24030300,CEPITA [24030300],PRECIPITACION,Precipitación total mensual,1964-06-01 00:00,mm,97,Preliminar
24030300,CEPITA [24030300],PRECIPITACION,Precipitación total mensual,1964-07-01 00:00,mm,18,Preliminar
24030300,CEPITA [24030300],PRECIPITACION,Precipitación total mensual,1964-08-01 00:00,mm,38,Preliminar
24030300,CEPITA [24030300],PRECIPITACION,Precipitación total mensual,1964-09-01 00:00,mm,72,Preliminar
24030300,CEPITA [24030300],PRECIPITACION,Precipitación total mensual,1964-10-01 00:00,mm,0,Preliminar
24030300,CEPITA [24030300],PRECIPITACION,Precipitación total mensual,1964-11-01 00:00,mm,37,Preliminar
24030300,CEPITA [24030300],PRECIPITACION,Precipitación total mensual,1964-12-01 00:00,mm,0,Preliminar
24030300,CEPITA [24030300],PRECIPITACION,Precipitación total mensual,1965-01-01 00:00,mm,19,Preliminar
24030300,CEPITA [24030300],PRECIPITACION,Precipitación total mensual,1965-02-01 00:00,mm,10,Preliminar
24030300,CEPITA [24030300],PRECIPITACION,Precipitación total mensual,1965-03-01 00:00,mm,4,Preliminar
24030300,CEPITA [24030300],PRECIPITACION,Precipitación total mensual,1965-04-01 00:00,mm,25,Preliminar
24030300,CEPITA [24030300],PRECIPITACION,Precipitación total mensual,1965-05-01 00:00,mm,49,Preliminar
24030300,CEPITA [24030300],PRECIPITACION,Precipitación total mensual,1965-06-01 00:00,mm,7,Preliminar
24030300,CEPITA [24030300],PRECIPITACION,Precipitación total mensual,1965-07-01 00:00,mm,22,Preliminar
24030300,CEPITA [24030300],PRECIPITACION,Precipitación total mensual,1965-09-01 00:00,mm,82.5,Preliminar
24030300,CEPITA [24030300],PRECIPITACION,Precipitación total mensual,1965-10-01 00:00,mm,125.5,Preliminar
24030300,CEPITA [24030300],PRECIPITACION,Precipitación total mensual,1965-11-01 00:00,mm,37,Preliminar
24030300,CEPITA [24030300],PRECIPITACION,Precipitación total mensual,1965-12-01 00:00,mm,7,Preliminar
24030300,CEPITA [24030300],PRECIPITACION,Precipitación total mensual,1966-01-01 00:00,mm,0,Preliminar
24030300,CEPITA [24030300],PRECIPITACION,Precipitación total mensual,1966-02-01 00:00,mm,0,Preliminar
24030300,CEPITA [24030300],PRECIPITACION,Precipitación total mensual,1966-03-01 00:00,mm,14,Preliminar
24030300,CEPITA [24030300],PRECIPITACION,Precipitación total mensual,1966-04-01 00:00,mm,11,Preliminar
24030300,CEPITA [24030300],PRECIPITACION,Precipitación total mensual,1966-05-01 00:00,mm,32,Preliminar
24030300,CEPITA [24030300],PRECIPITACION,Precipitación total mensual,1966-06-01 00:00,mm,4,Preliminar
24030300,CEPITA [24030300],PRECIPITACION,Precipitación total mensual,1966-07-01 00:00,mm,0,Preliminar
24030300,CEPITA [24030300],PRECIPITACION,Precipitación total mensual,1966-08-01 00:00,mm,34,Preliminar
24030300,CEPITA [24030300],PRECIPITACION,Precipitación total mensual,1966-09-01 00:00,mm,5,Preliminar
24030300,CEPITA [24030300],PRECIPITACION,Precipitación total mensual,1966-10-01 00:00,mm,35,Preliminar
24030300,CEPITA [24030300],PRECIPITACION,Precipitación total mensual,1966-11-01 00:00,mm,24,Preliminar
24030300,CEPITA [24030300],PRECIPITACION,Precipitación total mensual,1966-12-01 00:00,mm,18,Preliminar
24030300,CEPITA [24030300],PRECIPITACION,Precipitación total mensual,1967-01-01 00:00,mm,30.7,Preliminar
24030300,CEPITA [24030300],PRECIPITACION,Precipitación total mensual,1967-02-01 00:00,mm,37,Preliminar
24030300,CEPITA [24030300],PRECIPITACION,Precipitación total mensual,1967-03-01 00:00,mm,48.5,Preliminar
24030300,CEPITA [24030300],PRECIPITACION,Precipitación total mensual,1967-04-01 00:00,mm,101.3,Preliminar
24030300,CEPITA [24030300],PRECIPITACION,Precipitación total mensual,1967-05-01 00:00,mm,104.7,Preliminar
24030300,CEPITA [24030300],PRECIPITACION,Precipitación total mensual,1967-06-01 00:00,mm,64.7,Preliminar
24030300,CEPITA [24030300],PRECIPITACION,Precipitación total mensual,1967-07-01 00:00,mm,49.6,Preliminar
24030300,CEPITA [24030300],PRECIPITACION,Precipitación total mensual,1967-08-01 00:00,mm,44,Preliminar
24030300,CEPITA [24030300],PRECIPITACION,Precipitación total mensual,1967-09-01 00:00,mm,33,Preliminar
24030300,CEPITA [24030300],PRECIPITACION,Precipitación total mensual,1967-10-01 00:00,mm,139,Preliminar
24030300,CEPITA [24030300],PRECIPITACION,Precipitación total mensual,1967-11-01 00:00,mm,59,Preliminar
24030300,CEPITA [24030300],PRECIPITACION,Precipitación total mensual,1967-12-01 00:00,mm,5,Preliminar
24030300,CEPITA [24030300],PRECIPITACION,Precipitación total mensual,1968-01-01 00:00,mm,76,Preliminar
24030300,CEPITA [24030300],PRECIPITACION,Precipitación total mensual,1968-02-01 00:00,mm,29,Preliminar
24030300,CEPITA [24030300],PRECIPITACION,Precipitación total mensual,1968-03-01 00:00,mm,23,Preliminar
24030300,CEPITA [24030300],PRECIPITACION,Precipitación total mensual,1968-04-01 00:00,mm,94,Preliminar
24030300,CEPITA [24030300],PRECIPITACION,Precipitación total mensual,1968-05-01 00:00,mm,217,Preliminar
24030300,CEPITA [24030300],PRECIPITACION,Precipitación total mensual,1968-06-01 00:00,mm,72,Preliminar
24030300,CEPITA [24030300],PRECIPITACION,Precipitación total mensual,1968-07-01 00:00,mm,49,Preliminar
24030300,CEPITA [24030300],PRECIPITACION,Precipitación total mensual,1968-08-01 00:00,mm,109,Preliminar
24030300,CEPITA [24030300],PRECIPITACION,Precipitación total mensual,1968-09-01 00:00,mm,110,Preliminar
24030300,CEPITA [24030300],PRECIPITACION,Precipitación total mensual,1968-10-01 00:00,mm,111,Preliminar
24030300,CEPITA [24030300],PRECIPITACION,Precipitación total mensual,1968-11-01 00:00,mm,100,Preliminar
24030300,CEPITA [24030300],PRECIPITACION,Precipitación total mensual,1968-12-01 00:00,mm,3,Preliminar
24030300,CEPITA [24030300],PRECIPITACION,Precipitación total mensual,1969-01-01 00:00,mm,15,Preliminar
24030300,CEPITA [24030300],PRECIPITACION,Precipitación total mensual,1969-02-01 00:00,mm,40,Preliminar
24030300,CEPITA [24030300],PRECIPITACION,Precipitación total mensual,1969-03-01 00:00,mm,0,Preliminar
24030300,CEPITA [24030300],PRECIPITACION,Precipitación total mensual,1969-04-01 00:00,mm,45,Preliminar
24030300,CEPITA [24030300],PRECIPITACION,Precipitación total mensual,1969-05-01 00:00,mm,30,Preliminar
24030300,CEPITA [24030300],PRECIPITACION,Precipitación total mensual,1969-06-01 00:00,mm,27,Preliminar
24030300,CEPITA [24030300],PRECIPITACION,Precipitación total mensual,1969-07-01 00:00,mm,16,Preliminar
24030300,CEPITA [24030300],PRECIPITACION,Precipitación total mensual,1969-08-01 00:00,mm,120,Preliminar
24030300,CEPITA [24030300],PRECIPITACION,Precipitación total mensual,1969-09-01 00:00,mm,137,Preliminar
24030300,CEPITA [24030300],PRECIPITACION,Precipitación total mensual,1969-10-01 00:00,mm,248.5,Preliminar
24030300,CEPITA [24030300],PRECIPITACION,Precipitación total mensual,1969-11-01 00:00,mm,87,Preliminar
24030300,CEPITA [24030300],PRECIPITACION,Precipitación total mensual,1969-12-01 00:00,mm,10,Preliminar
24030300,CEPITA [24030300],PRECIPITACION,Precipitación total mensual,1970-01-01 00:00,mm,54,Preliminar
24030300,CEPITA [24030300],PRECIPITACION,Precipitación total mensual,1970-02-01 00:00,mm,28,Preliminar
24030300,CEPITA [24030300],PRECIPITACION,Precipitación total mensual,1970-03-01 00:00,mm,38,Preliminar
24030300,CEPITA [24030300],PRECIPITACION,Precipitación total mensual,1970-04-01 00:00,mm,120,Preliminar
24030300,CEPITA [24030300],PRECIPITACION,Precipitación total mensual,1970-05-01 00:00,mm,69,Preliminar
24030300,CEPITA [24030300],PRECIPITACION,Precipitación total mensual,1970-06-01 00:00,mm,122,Preliminar
24030300,CEPITA [24030300],PRECIPITACION,Precipitación total mensual,1970-07-01 00:00,mm,47,Preliminar
24030300,CEPITA [24030300],PRECIPITACION,Precipitación total mensual,1970-08-01 00:00,mm,24,Preliminar
24030300,CEPITA [24030300],PRECIPITACION,Precipitación total mensual,1970-09-01 00:00,mm,54,Preliminar
24030300,CEPITA [24030300],PRECIPITACION,Precipitación total mensual,1970-10-01 00:00,mm,92,Preliminar
24030300,CEPITA [24030300],PRECIPITACION,Precipitación total mensual,1970-11-01 00:00,mm,64,Preliminar
24030300,CEPITA [24030300],PRECIPITACION,Precipitación total mensual,1970-12-01 00:00,mm,19,Preliminar
24030300,CEPITA [24030300],PRECIPITACION,Precipitación total mensual,1971-01-01 00:00,mm,124,Preliminar
24030300,CEPITA [24030300],PRECIPITACION,Precipitación total mensual,1971-02-01 00:00,mm,62,Preliminar
24030300,CEPITA [24030300],PRECIPITACION,Precipitación total mensual,1971-03-01 00:00,mm,78,Preliminar
24030300,CEPITA [24030300],PRECIPITACION,Precipitación total mensual,1971-04-01 00:00,mm,96,Preliminar
24030300,CEPITA [24030300],PRECIPITACION,Precipitación total mensual,1971-05-01 00:00,mm,234,Preliminar
24030300,CEPITA [24030300],PRECIPITACION,Precipitación total mensual,1971-06-01 00:00,mm,15,Preliminar
24030300,CEPITA [24030300],PRECIPITACION,Precipitación total mensual,1971-07-01 00:00,mm,17,Preliminar
24030300,CEPITA [24030300],PRECIPITACION,Precipitación total mensual,1971-08-01 00:00,mm,65,Preliminar
24030300,CEPITA [24030300],PRECIPITACION,Precipitación total mensual,1971-09-01 00:00,mm,92,Preliminar
24030300,CEPITA [24030300],PRECIPITACION,Precipitación total mensual,1971-10-01 00:00,mm,144,Preliminar
24030300,CEPITA [24030300],PRECIPITACION,Precipitación total mensual,1971-11-01 00:00,mm,32,Preliminar
24030300,CEPITA [24030300],PRECIPITACION,Precipitación total mensual,1971-12-01 00:00,mm,21,Preliminar
24030300,CEPITA [24030300],PRECIPITACION,Precipitación total mensual,1972-01-01 00:00,mm,12,Preliminar
24030300,CEPITA [24030300],PRECIPITACION,Precipitación total mensual,1972-02-01 00:00,mm,40,Preliminar
24030300,CEPITA [24030300],PRECIPITACION,Precipitación total mensual,1972-03-01 00:00,mm,40,Preliminar
24030300,CEPITA [24030300],PRECIPITACION,Precipitación total mensual,1972-04-01 00:00,mm,165,Preliminar
24030300,CEPITA [24030300],PRECIPITACION,Precipitación total mensual,1972-05-01 00:00,mm,146,Preliminar
24030300,CEPITA [24030300],PRECIPITACION,Precipitación total mensual,1972-06-01 00:00,mm,101,Preliminar
24030300,CEPITA [24030300],PRECIPITACION,Precipitación total mensual,1972-07-01 00:00,mm,4,Preliminar
24030300,CEPITA [24030300],PRECIPITACION,Precipitación total mensual,1972-08-01 00:00,mm,40,Preliminar
24030300,CEPITA [24030300],PRECIPITACION,Precipitación total mensual,1972-09-01 00:00,mm,68,Preliminar
24030300,CEPITA [24030300],PRECIPITACION,Precipitación total mensual,1972-10-01 00:00,mm,83,Preliminar
24030300,CEPITA [24030300],PRECIPITACION,Precipitación total mensual,1972-11-01 00:00,mm,29,Preliminar
24030300,CEPITA [24030300],PRECIPITACION,Precipitación total mensual,1972-12-01 00:00,mm,16,Preliminar
24030300,CEPITA [24030300],PRECIPITACION,Precipitación total mensual,1973-01-01 00:00,mm,9,Preliminar
24030300,CEPITA [24030300],PRECIPITACION,Precipitación total mensual,1973-02-01 00:00,mm,10,Preliminar
24030300,CEPITA [24030300],PRECIPITACION,Precipitación total mensual,1973-03-01 00:00,mm,30,Preliminar
24030300,CEPITA [24030300],PRECIPITACION,Precipitación total mensual,1973-04-01 00:00,mm,59,Preliminar
24030300,CEPITA [24030300],PRECIPITACION,Precipitación total mensual,1973-05-01 00:00,mm,18,Preliminar
24030300,CEPITA [24030300],PRECIPITACION,Precipitación total mensual,1973-06-01 00:00,mm,40,Preliminar
24030300,CEPITA [24030300],PRECIPITACION,Precipitación total mensual,1973-07-01 00:00,mm,50,Preliminar
24030300,CEPITA [24030300],PRECIPITACION,Precipitación total mensual,1973-08-01 00:00,mm,37,Preliminar
24030300,CEPITA [24030300],PRECIPITACION,Precipitación total mensual,1973-09-01 00:00,mm,45,Preliminar
24030300,CEPITA [24030300],PRECIPITACION,Precipitación total mensual,1973-10-01 00:00,mm,75,Preliminar
24030300,CEPITA [24030300],PRECIPITACION,Precipitación total mensual,1973-11-01 00:00,mm,59,Preliminar
24030300,CEPITA [24030300],PRECIPITACION,Precipitación total mensual,1973-12-01 00:00,mm,0,Preliminar
24030300,CEPITA [24030300],PRECIPITACION,Precipitación total mensual,1974-01-01 00:00,mm,85,Preliminar
24030300,CEPITA [24030300],PRECIPITACION,Precipitación total mensual,1974-02-01 00:00,mm,26,Preliminar
24030300,CEPITA [24030300],PRECIPITACION,Precipitación total mensual,1974-03-01 00:00,mm,56,Preliminar
24030300,CEPITA [24030300],PRECIPITACION,Precipitación total mensual,1974-04-01 00:00,mm,138,Preliminar
24030300,CEPITA [24030300],PRECIPITACION,Precipitación total mensual,1974-05-01 00:00,mm,138,Preliminar
24030300,CEPITA [24030300],PRECIPITACION,Precipitación total mensual,1974-06-01 00:00,mm,8,Preliminar
24030300,CEPITA [24030300],PRECIPITACION,Precipitación total mensual,1974-07-01 00:00,mm,47,Preliminar
24030300,CEPITA [24030300],PRECIPITACION,Precipitación total mensual,1974-08-01 00:00,mm,58,Preliminar
24030300,CEPITA [24030300],PRECIPITACION,Precipitación total mensual,1974-09-01 00:00,mm,78,Preliminar
24030300,CEPITA [24030300],PRECIPITACION,Precipitación total mensual,1974-10-01 00:00,mm,93,Preliminar
24030300,CEPITA [24030300],PRECIPITACION,Precipitación total mensual,1974-11-01 00:00,mm,69,Preliminar
24030300,CEPITA [24030300],PRECIPITACION,Precipitación total mensual,1974-12-01 00:00,mm,0,Preliminar
24030300,CEPITA [24030300],PRECIPITACION,Precipitación total mensual,1975-01-01 00:00,mm,15,Preliminar
24030300,CEPITA [24030300],PRECIPITACION,Precipitación total mensual,1975-02-01 00:00,mm,86,Preliminar
24030300,CEPITA [24030300],PRECIPITACION,Precipitación total mensual,1975-03-01 00:00,mm,10,Preliminar
24030300,CEPITA [24030300],PRECIPITACION,Precipitación total mensual,1975-04-01 00:00,mm,88,Preliminar
24030300,CEPITA [24030300],PRECIPITACION,Precipitación total mensual,1975-05-01 00:00,mm,129,Preliminar
24030300,CEPITA [24030300],PRECIPITACION,Precipitación total mensual,1975-06-01 00:00,mm,59,Preliminar
24030300,CEPITA [24030300],PRECIPITACION,Precipitación total mensual,1975-07-01 00:00,mm,106,Preliminar
24030300,CEPITA [24030300],PRECIPITACION,Precipitación total mensual,1975-08-01 00:00,mm,47,Preliminar
24030300,CEPITA [24030300],PRECIPITACION,Precipitación total mensual,1975-09-01 00:00,mm,95,Preliminar
24030300,CEPITA [24030300],PRECIPITACION,Precipitación total mensual,1975-10-01 00:00,mm,98,Preliminar
24030300,CEPITA [24030300],PRECIPITACION,Precipitación total mensual,1975-11-01 00:00,mm,82,Preliminar
24030300,CEPITA [24030300],PRECIPITACION,Precipitación total mensual,1975-12-01 00:00,mm,79,Preliminar
24030300,CEPITA [24030300],PRECIPITACION,Precipitación total mensual,1976-01-01 00:00,mm,15,Preliminar
24030300,CEPITA [24030300],PRECIPITACION,Precipitación total mensual,1976-02-01 00:00,mm,75,Preliminar
24030300,CEPITA [24030300],PRECIPITACION,Precipitación total mensual,1976-03-01 00:00,mm,100,Preliminar
24030300,CEPITA [24030300],PRECIPITACION,Precipitación total mensual,1976-04-01 00:00,mm,113,Preliminar
24030300,CEPITA [24030300],PRECIPITACION,Precipitación total mensual,1976-05-01 00:00,mm,150,Preliminar
24030300,CEPITA [24030300],PRECIPITACION,Precipitación total mensual,1976-06-01 00:00,mm,96,Preliminar
24030300,CEPITA [24030300],PRECIPITACION,Precipitación total mensual,1976-07-01 00:00,mm,87,Preliminar
24030300,CEPITA [24030300],PRECIPITACION,Precipitación total mensual,1976-08-01 00:00,mm,159,Preliminar
24030300,CEPITA [24030300],PRECIPITACION,Precipitación total mensual,1976-09-01 00:00,mm,136,Preliminar
24030300,CEPITA [24030300],PRECIPITACION,Precipitación total mensual,1976-10-01 00:00,mm,185,Preliminar
24030300,CEPITA [24030300],PRECIPITACION,Precipitación total mensual,1976-11-01 00:00,mm,46,Preliminar
24030300,CEPITA [24030300],PRECIPITACION,Precipitación total mensual,1976-12-01 00:00,mm,22,Preliminar
24030300,CEPITA [24030300],PRECIPITACION,Precipitación total mensual,1977-01-01 00:00,mm,30,Preliminar
24030300,CEPITA [24030300],PRECIPITACION,Precipitación total mensual,1977-03-01 00:00,mm,88,Preliminar
24030300,CEPITA [24030300],PRECIPITACION,Precipitación total mensual,1977-04-01 00:00,mm,78,Preliminar
24030300,CEPITA [24030300],PRECIPITACION,Precipitación total mensual,1977-05-01 00:00,mm,168,Preliminar
24030300,CEPITA [24030300],PRECIPITACION,Precipitación total mensual,1977-06-01 00:00,mm,162,Preliminar
24030300,CEPITA [24030300],PRECIPITACION,Precipitación total mensual,1977-07-01 00:00,mm,107,Preliminar
24030300,CEPITA [24030300],PRECIPITACION,Precipitación total mensual,1977-08-01 00:00,mm,130,Preliminar
24030300,CEPITA [24030300],PRECIPITACION,Precipitación total mensual,1977-09-01 00:00,mm,88,Preliminar
24030300,CEPITA [24030300],PRECIPITACION,Precipitación total mensual,1977-10-01 00:00,mm,120,Preliminar
24030300,CEPITA [24030300],PRECIPITACION,Precipitación total mensual,1977-11-01 00:00,mm,143,Preliminar
24030300,CEPITA [24030300],PRECIPITACION,Precipitación total mensual,1977-12-01 00:00,mm,64,Preliminar
24030300,CEPITA [24030300],PRECIPITACION,Precipitación total mensual,1978-01-01 00:00,mm,30.7,Preliminar
24030300,CEPITA [24030300],PRECIPITACION,Precipitación total mensual,1978-02-01 00:00,mm,61,Preliminar
24030300,CEPITA [24030300],PRECIPITACION,Precipitación total mensual,1978-03-01 00:00,mm,114,Preliminar
24030300,CEPITA [24030300],PRECIPITACION,Precipitación total mensual,1978-04-01 00:00,mm,153,Preliminar
24030300,CEPITA [24030300],PRECIPITACION,Precipitación total mensual,1978-05-01 00:00,mm,139,Preliminar
24030300,CEPITA [24030300],PRECIPITACION,Precipitación total mensual,1978-06-01 00:00,mm,74,Preliminar
24030300,CEPITA [24030300],PRECIPITACION,Precipitación total mensual,1978-07-01 00:00,mm,45,Preliminar
24030300,CEPITA [24030300],PRECIPITACION,Precipitación total mensual,1978-08-01 00:00,mm,97,Preliminar
24030300,CEPITA [24030300],PRECIPITACION,Precipitación total mensual,1978-09-01 00:00,mm,96,Preliminar
24030300,CEPITA [24030300],PRECIPITACION,Precipitación total mensual,1978-10-01 00:00,mm,141,Preliminar
24030300,CEPITA [24030300],PRECIPITACION,Precipitación total mensual,1978-11-01 00:00,mm,38,Preliminar
24030300,CEPITA [24030300],PRECIPITACION,Precipitación total mensual,1978-12-01 00:00,mm,15,Preliminar
24030300,CEPITA [24030300],PRECIPITACION,Precipitación total mensual,1979-01-01 00:00,mm,47,Preliminar
24030300,CEPITA [24030300],PRECIPITACION,Precipitación total mensual,1979-02-01 00:00,mm,42,Preliminar
24030300,CEPITA [24030300],PRECIPITACION,Precipitación total mensual,1979-03-01 00:00,mm,35,Preliminar
24030300,CEPITA [24030300],PRECIPITACION,Precipitación total mensual,1979-04-01 00:00,mm,178,Preliminar
24030300,CEPITA [24030300],PRECIPITACION,Precipitación total mensual,1979-05-01 00:00,mm,167,Preliminar
24030300,CEPITA [24030300],PRECIPITACION,Precipitación total mensual,1979-06-01 00:00,mm,126,Preliminar
24030300,CEPITA [24030300],PRECIPITACION,Precipitación total mensual,1979-07-01 00:00,mm,100,Preliminar
24030300,CEPITA [24030300],PRECIPITACION,Precipitación total mensual,1979-08-01 00:00,mm,87,Preliminar
24030300,CEPITA [24030300],PRECIPITACION,Precipitación total mensual,1979-09-01 00:00,mm,116,Preliminar
24030300,CEPITA [24030300],PRECIPITACION,Precipitación total mensual,1979-10-01 00:00,mm,291,Preliminar
24030300,CEPITA [24030300],PRECIPITACION,Precipitación total mensual,1979-11-01 00:00,mm,74,Preliminar
24030300,CEPITA [24030300],PRECIPITACION,Precipitación total mensual,1979-12-01 00:00,mm,70,Preliminar
24030300,CEPITA [24030300],PRECIPITACION,Precipitación total mensual,1980-01-01 00:00,mm,18,Preliminar
24030300,CEPITA [24030300],PRECIPITACION,Precipitación total mensual,1980-02-01 00:00,mm,32,Preliminar
24030300,CEPITA [24030300],PRECIPITACION,Precipitación total mensual,1980-03-01 00:00,mm,103,Preliminar
24030300,CEPITA [24030300],PRECIPITACION,Precipitación total mensual,1980-04-01 00:00,mm,106,Preliminar
24030300,CEPITA [24030300],PRECIPITACION,Precipitación total mensual,1980-05-01 00:00,mm,107,Preliminar
24030300,CEPITA [24030300],PRECIPITACION,Precipitación total mensual,1980-06-01 00:00,mm,73,Preliminar
24030300,CEPITA [24030300],PRECIPITACION,Precipitación total mensual,1980-07-01 00:00,mm,42,Preliminar
24030300,CEPITA [24030300],PRECIPITACION,Precipitación total mensual,1980-08-01 00:00,mm,127,Preliminar
24030300,CEPITA [24030300],PRECIPITACION,Precipitación total mensual,1980-09-01 00:00,mm,122,Preliminar
24030300,CEPITA [24030300],PRECIPITACION,Precipitación total mensual,1980-10-01 00:00,mm,163,Preliminar
24030300,CEPITA [24030300],PRECIPITACION,Precipitación total mensual,1980-11-01 00:00,mm,151,Preliminar
24030300,CEPITA [24030300],PRECIPITACION,Precipitación total mensual,1980-12-01 00:00,mm,0,Preliminar
24030300,CEPITA [24030300],PRECIPITACION,Precipitación total mensual,1981-01-01 00:00,mm,27,Preliminar
24030300,CEPITA [24030300],PRECIPITACION,Precipitación total mensual,1981-02-01 00:00,mm,92,Preliminar
24030300,CEPITA [24030300],PRECIPITACION,Precipitación total mensual,1981-03-01 00:00,mm,35,Preliminar
24030300,CEPITA [24030300],PRECIPITACION,Precipitación total mensual,1981-04-01 00:00,mm,152,Preliminar
24030300,CEPITA [24030300],PRECIPITACION,Precipitación total mensual,1981-05-01 00:00,mm,248,Preliminar
24030300,CEPITA [24030300],PRECIPITACION,Precipitación total mensual,1981-06-01 00:00,mm,163,Preliminar
24030300,CEPITA [24030300],PRECIPITACION,Precipitación total mensual,1981-07-01 00:00,mm,183,Preliminar
24030300,CEPITA [24030300],PRECIPITACION,Precipitación total mensual,1981-08-01 00:00,mm,136,Preliminar
24030300,CEPITA [24030300],PRECIPITACION,Precipitación total mensual,1981-09-01 00:00,mm,46,Preliminar
24030300,CEPITA [24030300],PRECIPITACION,Precipitación total mensual,1981-10-01 00:00,mm,44,Preliminar
24030300,CEPITA [24030300],PRECIPITACION,Precipitación total mensual,1981-11-01 00:00,mm,96,Preliminar
24030300,CEPITA [24030300],PRECIPITACION,Precipitación total mensual,1981-12-01 00:00,mm,0,Preliminar
24030300,CEPITA [24030300],PRECIPITACION,Precipitación total mensual,1982-01-01 00:00,mm,0,Preliminar
24030300,CEPITA [24030300],PRECIPITACION,Precipitación total mensual,1982-02-01 00:00,mm,30,Preliminar
24030300,CEPITA [24030300],PRECIPITACION,Precipitación total mensual,1982-03-01 00:00,mm,60,Preliminar
24030300,CEPITA [24030300],PRECIPITACION,Precipitación total mensual,1982-04-01 00:00,mm,134,Preliminar
24030300,CEPITA [24030300],PRECIPITACION,Precipitación total mensual,1982-05-01 00:00,mm,178,Preliminar
24030300,CEPITA [24030300],PRECIPITACION,Precipitación total mensual,1982-06-01 00:00,mm,20,Preliminar
24030300,CEPITA [24030300],PRECIPITACION,Precipitación total mensual,1982-07-01 00:00,mm,5,Preliminar
24030300,CEPITA [24030300],PRECIPITACION,Precipitación total mensual,1982-08-01 00:00,mm,0,Preliminar
24030300,CEPITA [24030300],PRECIPITACION,Precipitación total mensual,1982-09-01 00:00,mm,0,Preliminar
24030300,CEPITA [24030300],PRECIPITACION,Precipitación total mensual,1982-10-01 00:00,mm,91,Preliminar
24030300,CEPITA [24030300],PRECIPITACION,Precipitación total mensual,1982-11-01 00:00,mm,5,Preliminar
24030300,CEPITA [24030300],PRECIPITACION,Precipitación total mensual,1982-12-01 00:00,mm,0,Preliminar
24030300,CEPITA [24030300],PRECIPITACION,Precipitación total mensual,1983-01-01 00:00,mm,0,Preliminar
24030300,CEPITA [24030300],PRECIPITACION,Precipitación total mensual,1983-02-01 00:00,mm,0,Preliminar
24030300,CEPITA [24030300],PRECIPITACION,Precipitación total mensual,1983-03-01 00:00,mm,0,Preliminar
24030300,CEPITA [24030300],PRECIPITACION,Precipitación total mensual,1983-04-01 00:00,mm,23,Preliminar
24030300,CEPITA [24030300],PRECIPITACION,Precipitación total mensual,1983-05-01 00:00,mm,176,Preliminar
24030300,CEPITA [24030300],PRECIPITACION,Precipitación total mensual,1983-06-01 00:00,mm,54,Preliminar
24030300,CEPITA [24030300],PRECIPITACION,Precipitación total mensual,1983-07-01 00:00,mm,18,Preliminar
24030300,CEPITA [24030300],PRECIPITACION,Precipitación total mensual,1983-08-01 00:00,mm,12,Preliminar
24030300,CEPITA [24030300],PRECIPITACION,Precipitación total mensual,1983-09-01 00:00,mm,47,Preliminar
24030300,CEPITA [24030300],PRECIPITACION,Precipitación total mensual,1983-10-01 00:00,mm,97,Preliminar
24030300,CEPITA [24030300],PRECIPITACION,Precipitación total mensual,1983-11-01 00:00,mm,41,Preliminar
24030300,CEPITA [24030300],PRECIPITACION,Precipitación total mensual,1983-12-01 00:00,mm,22,Preliminar
24030300,CEPITA [24030300],PRECIPITACION,Precipitación total mensual,1984-01-01 00:00,mm,11,Preliminar
24030300,CEPITA [24030300],PRECIPITACION,Precipitación total mensual,1984-02-01 00:00,mm,68,Preliminar
24030300,CEPITA [24030300],PRECIPITACION,Precipitación total mensual,1984-03-01 00:00,mm,33,Preliminar
24030300,CEPITA [24030300],PRECIPITACION,Precipitación total mensual,1984-04-01 00:00,mm,117,Preliminar
24030300,CEPITA [24030300],PRECIPITACION,Precipitación total mensual,1984-05-01 00:00,mm,86,Preliminar
24030300,CEPITA [24030300],PRECIPITACION,Precipitación total mensual,1984-06-01 00:00,mm,70,Preliminar
24030300,CEPITA [24030300],PRECIPITACION,Precipitación total mensual,1984-07-01 00:00,mm,48,Preliminar
24030300,CEPITA [24030300],PRECIPITACION,Precipitación total mensual,1984-08-01 00:00,mm,32,Preliminar
24030300,CEPITA [24030300],PRECIPITACION,Precipitación total mensual,1984-09-01 00:00,mm,122,Preliminar
24030300,CEPITA [24030300],PRECIPITACION,Precipitación total mensual,1984-10-01 00:00,mm,59,Preliminar
24030300,CEPITA [24030300],PRECIPITACION,Precipitación total mensual,1984-11-01 00:00,mm,33,Preliminar
24030300,CEPITA [24030300],PRECIPITACION,Precipitación total mensual,1984-12-01 00:00,mm,9,Preliminar
24030300,CEPITA [24030300],PRECIPITACION,Precipitación total mensual,1985-01-01 00:00,mm,37,Preliminar
24030300,CEPITA [24030300],PRECIPITACION,Precipitación total mensual,1985-02-01 00:00,mm,26,Preliminar
24030300,CEPITA [24030300],PRECIPITACION,Precipitación total mensual,1985-03-01 00:00,mm,104,Preliminar
24030300,CEPITA [24030300],PRECIPITACION,Precipitación total mensual,1985-04-01 00:00,mm,13,Preliminar
24030300,CEPITA [24030300],PRECIPITACION,Precipitación total mensual,1985-05-01 00:00,mm,60,Preliminar
24030300,CEPITA [24030300],PRECIPITACION,Precipitación total mensual,1985-06-01 00:00,mm,22,Preliminar
24030300,CEPITA [24030300],PRECIPITACION,Precipitación total mensual,1985-07-01 00:00,mm,14,Preliminar
24030300,CEPITA [24030300],PRECIPITACION,Precipitación total mensual,1985-08-01 00:00,mm,28,Preliminar
24030300,CEPITA [24030300],PRECIPITACION,Precipitación total mensual,1985-09-01 00:00,mm,121,Preliminar
24030300,CEPITA [24030300],PRECIPITACION,Precipitación total mensual,1985-10-01 00:00,mm,109,Preliminar
24030300,CEPITA [24030300],PRECIPITACION,Precipitación total mensual,1985-11-01 00:00,mm,23,Preliminar
24030300,CEPITA [24030300],PRECIPITACION,Precipitación total mensual,1985-12-01 00:00,mm,4,Preliminar
24030300,CEPITA [24030300],PRECIPITACION,Precipitación total mensual,1986-01-01 00:00,mm,27,Preliminar
24030300,CEPITA [24030300],PRECIPITACION,Precipitación total mensual,1986-02-01 00:00,mm,13,Preliminar
24030300,CEPITA [24030300],PRECIPITACION,Precipitación total mensual,1986-03-01 00:00,mm,17,Preliminar
24030300,CEPITA [24030300],PRECIPITACION,Precipitación total mensual,1986-04-01 00:00,mm,67,Preliminar
24030300,CEPITA [24030300],PRECIPITACION,Precipitación total mensual,1986-05-01 00:00,mm,36,Preliminar
24030300,CEPITA [24030300],PRECIPITACION,Precipitación total mensual,1986-07-01 00:00,mm,52,Preliminar
24030300,CEPITA [24030300],PRECIPITACION,Precipitación total mensual,1986-08-01 00:00,mm,65,Preliminar
24030300,CEPITA [24030300],PRECIPITACION,Precipitación total mensual,1986-09-01 00:00,mm,65,Preliminar
24030300,CEPITA [24030300],PRECIPITACION,Precipitación total mensual,1986-10-01 00:00,mm,167,Preliminar
24030300,CEPITA [24030300],PRECIPITACION,Precipitación total mensual,1986-11-01 00:00,mm,61,Preliminar
24030300,CEPITA [24030300],PRECIPITACION,Precipitación total mensual,1986-12-01 00:00,mm,2,Preliminar
24030300,CEPITA [24030300],PRECIPITACION,Precipitación total mensual,1987-01-01 00:00,mm,38,Preliminar
24030300,CEPITA [24030300],PRECIPITACION,Precipitación total mensual,1987-02-01 00:00,mm,15,Preliminar
24030300,CEPITA [24030300],PRECIPITACION,Precipitación total mensual,1987-03-01 00:00,mm,72,Preliminar
24030300,CEPITA [24030300],PRECIPITACION,Precipitación total mensual,1987-04-01 00:00,mm,30,Preliminar
24030300,CEPITA [24030300],PRECIPITACION,Precipitación total mensual,1987-05-01 00:00,mm,50,Preliminar
24030300,CEPITA [24030300],PRECIPITACION,Precipitación total mensual,1987-06-01 00:00,mm,57,Preliminar
24030300,CEPITA [24030300],PRECIPITACION,Precipitación total mensual,1987-07-01 00:00,mm,74,Preliminar
24030300,CEPITA [24030300],PRECIPITACION,Precipitación total mensual,1987-08-01 00:00,mm,20,Preliminar
24030300,CEPITA [24030300],PRECIPITACION,Precipitación total mensual,1987-09-01 00:00,mm,66,Preliminar
24030300,CEPITA [24030300],PRECIPITACION,Precipitación total mensual,1987-10-01 00:00,mm,140,Preliminar
24030300,CEPITA [24030300],PRECIPITACION,Precipitación total mensual,1987-11-01 00:00,mm,33,Preliminar
24030300,CEPITA [24030300],PRECIPITACION,Precipitación total mensual,1987-12-01 00:00,mm,8,Preliminar
24030300,CEPITA [24030300],PRECIPITACION,Precipitación total mensual,1988-01-01 00:00,mm,8,Preliminar
24030300,CEPITA [24030300],PRECIPITACION,Precipitación total mensual,1988-02-01 00:00,mm,91,Preliminar
24030300,CEPITA [24030300],PRECIPITACION,Precipitación total mensual,1988-03-01 00:00,mm,70,Preliminar
24030300,CEPITA [24030300],PRECIPITACION,Precipitación total mensual,1988-04-01 00:00,mm,17,Preliminar
24030300,CEPITA [24030300],PRECIPITACION,Precipitación total mensual,1988-05-01 00:00,mm,64,Preliminar
24030300,CEPITA [24030300],PRECIPITACION,Precipitación total mensual,1988-06-01 00:00,mm,100,Preliminar
24030300,CEPITA [24030300],PRECIPITACION,Precipitación total mensual,1988-07-01 00:00,mm,71,Preliminar
24030300,CEPITA [24030300],PRECIPITACION,Precipitación total mensual,1988-08-01 00:00,mm,41,Preliminar
24030300,CEPITA [24030300],PRECIPITACION,Precipitación total mensual,1988-09-01 00:00,mm,266,Preliminar
24030300,CEPITA [24030300],PRECIPITACION,Precipitación total mensual,1988-10-01 00:00,mm,84,Preliminar
24030300,CEPITA [24030300],PRECIPITACION,Precipitación total mensual,1988-11-01 00:00,mm,147,Preliminar
24030300,CEPITA [24030300],PRECIPITACION,Precipitación total mensual,1988-12-01 00:00,mm,17,Preliminar
24030300,CEPITA [24030300],PRECIPITACION,Precipitación total mensual,1989-01-01 00:00,mm,4,Preliminar
24030300,CEPITA [24030300],PRECIPITACION,Precipitación total mensual,1989-02-01 00:00,mm,7,Preliminar
24030300,CEPITA [24030300],PRECIPITACION,Precipitación total mensual,1989-03-01 00:00,mm,171,Preliminar
24030300,CEPITA [24030300],PRECIPITACION,Precipitación total mensual,1989-04-01 00:00,mm,13.8,Preliminar
24030300,CEPITA [24030300],PRECIPITACION,Precipitación total mensual,1989-05-01 00:00,mm,81,Preliminar
24030300,CEPITA [24030300],PRECIPITACION,Precipitación total mensual,1989-07-01 00:00,mm,40,Preliminar
24030300,CEPITA [24030300],PRECIPITACION,Precipitación total mensual,1989-08-01 00:00,mm,80,Preliminar
24030300,CEPITA [24030300],PRECIPITACION,Precipitación total mensual,1989-09-01 00:00,mm,147,Preliminar
24030300,CEPITA [24030300],PRECIPITACION,Precipitación total mensual,1989-10-01 00:00,mm,31,Preliminar
24030300,CEPITA [24030300],PRECIPITACION,Precipitación total mensual,1989-11-01 00:00,mm,20,Preliminar
24030300,CEPITA [24030300],PRECIPITACION,Precipitación total mensual,1989-12-01 00:00,mm,60,Preliminar
24030300,CEPITA [24030300],PRECIPITACION,Precipitación total mensual,1990-01-01 00:00,mm,7,Preliminar
24030300,CEPITA [24030300],PRECIPITACION,Precipitación total mensual,1990-02-01 00:00,mm,36,Preliminar
24030300,CEPITA [24030300],PRECIPITACION,Precipitación total mensual,1990-03-01 00:00,mm,78,Preliminar
24030300,CEPITA [24030300],PRECIPITACION,Precipitación total mensual,1990-04-01 00:00,mm,29,Preliminar
24030300,CEPITA [24030300],PRECIPITACION,Precipitación total mensual,1990-05-01 00:00,mm,59,Preliminar
24030300,CEPITA [24030300],PRECIPITACION,Precipitación total mensual,1990-06-01 00:00,mm,28,Preliminar
24030300,CEPITA [24030300],PRECIPITACION,Precipitación total mensual,1990-07-01 00:00,mm,75,Preliminar
24030300,CEPITA [24030300],PRECIPITACION,Precipitación total mensual,1990-08-01 00:00,mm,62,Preliminar
24030300,CEPITA [24030300],PRECIPITACION,Precipitación total mensual,1990-09-01 00:00,mm,78,Preliminar
24030300,CEPITA [24030300],PRECIPITACION,Precipitación total mensual,1990-10-01 00:00,mm,145,Preliminar
24030300,CEPITA [24030300],PRECIPITACION,Precipitación total mensual,1990-11-01 00:00,mm,52,Preliminar
24030300,CEPITA [24030300],PRECIPITACION,Precipitación total mensual,1990-12-01 00:00,mm,27,Preliminar
24030300,CEPITA [24030300],PRECIPITACION,Precipitación total mensual,1991-01-01 00:00,mm,0,Preliminar
24030300,CEPITA [24030300],PRECIPITACION,Precipitación total mensual,1991-02-01 00:00,mm,0,Preliminar
24030300,CEPITA [24030300],PRECIPITACION,Precipitación total mensual,1991-03-01 00:00,mm,59,Preliminar
24030300,CEPITA [24030300],PRECIPITACION,Precipitación total mensual,1991-04-01 00:00,mm,31,Preliminar
24030300,CEPITA [24030300],PRECIPITACION,Precipitación total mensual,1991-05-01 00:00,mm,134,Preliminar
24030300,CEPITA [24030300],PRECIPITACION,Precipitación total mensual,1991-06-01 00:00,mm,36,Preliminar
24030300,CEPITA [24030300],PRECIPITACION,Precipitación total mensual,1991-07-01 00:00,mm,449,Preliminar
24030300,CEPITA [24030300],PRECIPITACION,Precipitación total mensual,1991-08-01 00:00,mm,15,Preliminar
24030300,CEPITA [24030300],PRECIPITACION,Precipitación total mensual,1991-09-01 00:00,mm,121,Preliminar
24030300,CEPITA [24030300],PRECIPITACION,Precipitación total mensual,1991-10-01 00:00,mm,130,Preliminar
24030300,CEPITA [24030300],PRECIPITACION,Precipitación total mensual,1991-11-01 00:00,mm,52,Preliminar
24030300,CEPITA [24030300],PRECIPITACION,Precipitación total mensual,1991-12-01 00:00,mm,0,Preliminar
24030300,CEPITA [24030300],PRECIPITACION,Precipitación total mensual,1992-01-01 00:00,mm,42,Preliminar
24030300,CEPITA [24030300],PRECIPITACION,Precipitación total mensual,1992-02-01 00:00,mm,39,Preliminar
24030300,CEPITA [24030300],PRECIPITACION,Precipitación total mensual,1992-03-01 00:00,mm,10,Preliminar
24030300,CEPITA [24030300],PRECIPITACION,Precipitación total mensual,1992-04-01 00:00,mm,20,Preliminar
24030300,CEPITA [24030300],PRECIPITACION,Precipitación total mensual,1992-05-01 00:00,mm,97,Preliminar
24030300,CEPITA [24030300],PRECIPITACION,Precipitación total mensual,1992-06-01 00:00,mm,75,Preliminar
24030300,CEPITA [24030300],PRECIPITACION,Precipitación total mensual,1992-07-01 00:00,mm,62,Preliminar
24030300,CEPITA [24030300],PRECIPITACION,Precipitación total mensual,1992-08-01 00:00,mm,62,Preliminar
24030300,CEPITA [24030300],PRECIPITACION,Precipitación total mensual,1992-09-01 00:00,mm,49,Preliminar
24030300,CEPITA [24030300],PRECIPITACION,Precipitación total mensual,1992-10-01 00:00,mm,13,Preliminar
24030300,CEPITA [24030300],PRECIPITACION,Precipitación total mensual,1992-11-01 00:00,mm,93,Preliminar
24030300,CEPITA [24030300],PRECIPITACION,Precipitación total mensual,1992-12-01 00:00,mm,33,Preliminar
24030300,CEPITA [24030300],PRECIPITACION,Precipitación total mensual,1993-01-01 00:00,mm,195,Preliminar
24030300,CEPITA [24030300],PRECIPITACION,Precipitación total mensual,1993-02-01 00:00,mm,57,Preliminar
24030300,CEPITA [24030300],PRECIPITACION,Precipitación total mensual,1993-03-01 00:00,mm,43,Preliminar
24030300,CEPITA [24030300],PRECIPITACION,Precipitación total mensual,1993-04-01 00:00,mm,82,Preliminar
24030300,CEPITA [24030300],PRECIPITACION,Precipitación total mensual,1993-05-01 00:00,mm,114,Preliminar
24030300,CEPITA [24030300],PRECIPITACION,Precipitación total mensual,1993-06-01 00:00,mm,103,Preliminar
24030300,CEPITA [24030300],PRECIPITACION,Precipitación total mensual,1993-07-01 00:00,mm,97,Preliminar
24030300,CEPITA [24030300],PRECIPITACION,Precipitación total mensual,1993-08-01 00:00,mm,161,Preliminar
24030300,CEPITA [24030300],PRECIPITACION,Precipitación total mensual,1993-09-01 00:00,mm,329,Preliminar
24030300,CEPITA [24030300],PRECIPITACION,Precipitación total mensual,1993-10-01 00:00,mm,322,Preliminar
24030300,CEPITA [24030300],PRECIPITACION,Precipitación total mensual,1993-11-01 00:00,mm,223,Preliminar
24030300,CEPITA [24030300],PRECIPITACION,Precipitación total mensual,1993-12-01 00:00,mm,0,Preliminar
24030300,CEPITA [24030300],PRECIPITACION,Precipitación total mensual,1994-01-01 00:00,mm,27,Preliminar
24030300,CEPITA [24030300],PRECIPITACION,Precipitación total mensual,1994-02-01 00:00,mm,63,Preliminar
24030300,CEPITA [24030300],PRECIPITACION,Precipitación total mensual,1994-03-01 00:00,mm,97,Preliminar
24030300,CEPITA [24030300],PRECIPITACION,Precipitación total mensual,1994-04-01 00:00,mm,275,Preliminar
24030300,CEPITA [24030300],PRECIPITACION,Precipitación total mensual,1994-06-01 00:00,mm,77,Preliminar
24030300,CEPITA [24030300],PRECIPITACION,Precipitación total mensual,1994-07-01 00:00,mm,114,Preliminar
24030300,CEPITA [24030300],PRECIPITACION,Precipitación total mensual,1994-08-01 00:00,mm,94,Preliminar
24030300,CEPITA [24030300],PRECIPITACION,Precipitación total mensual,1994-09-01 00:00,mm,224,Preliminar
24030300,CEPITA [24030300],PRECIPITACION,Precipitación total mensual,1994-10-01 00:00,mm,188,Preliminar
24030300,CEPITA [24030300],PRECIPITACION,Precipitación total mensual,1994-11-01 00:00,mm,317,Preliminar
24030300,CEPITA [24030300],PRECIPITACION,Precipitación total mensual,1994-12-01 00:00,mm,218,Preliminar
24030300,CEPITA [24030300],PRECIPITACION,Precipitación total mensual,1995-01-01 00:00,mm,112,Preliminar
24030300,CEPITA [24030300],PRECIPITACION,Precipitación total mensual,1995-02-01 00:00,mm,129,Preliminar
24030300,CEPITA [24030300],PRECIPITACION,Precipitación total mensual,1995-03-01 00:00,mm,315,Preliminar
24030300,CEPITA [24030300],PRECIPITACION,Precipitación total mensual,1995-04-01 00:00,mm,214,Preliminar
24030300,CEPITA [24030300],PRECIPITACION,Precipitación total mensual,1995-05-01 00:00,mm,268,Preliminar
24030300,CEPITA [24030300],PRECIPITACION,Precipitación total mensual,1995-06-01 00:00,mm,190,Preliminar
24030300,CEPITA [24030300],PRECIPITACION,Precipitación total mensual,1995-07-01 00:00,mm,152,Preliminar
24030300,CEPITA [24030300],PRECIPITACION,Precipitación total mensual,1995-08-01 00:00,mm,228,Preliminar
24030300,CEPITA [24030300],PRECIPITACION,Precipitación total mensual,1995-09-01 00:00,mm,181,Preliminar
24030300,CEPITA [24030300],PRECIPITACION,Precipitación total mensual,1995-10-01 00:00,mm,234,Preliminar
24030300,CEPITA [24030300],PRECIPITACION,Precipitación total mensual,1995-11-01 00:00,mm,78,Preliminar
24030300,CEPITA [24030300],PRECIPITACION,Precipitación total mensual,1995-12-01 00:00,mm,90,Preliminar
24030300,CEPITA [24030300],PRECIPITACION,Precipitación total mensual,1996-01-01 00:00,mm,36,Preliminar
24030300,CEPITA [24030300],PRECIPITACION,Precipitación total mensual,1996-02-01 00:00,mm,31,Preliminar
24030300,CEPITA [24030300],PRECIPITACION,Precipitación total mensual,1996-03-01 00:00,mm,124,Preliminar
24030300,CEPITA [24030300],PRECIPITACION,Precipitación total mensual,1996-04-01 00:00,mm,51,Preliminar
24030300,CEPITA [24030300],PRECIPITACION,Precipitación total mensual,1996-05-01 00:00,mm,67,Preliminar
24030300,CEPITA [24030300],PRECIPITACION,Precipitación total mensual,1996-06-01 00:00,mm,39,Preliminar
24030300,CEPITA [24030300],PRECIPITACION,Precipitación total mensual,1996-07-01 00:00,mm,86,Preliminar
24030300,CEPITA [24030300],PRECIPITACION,Precipitación total mensual,1996-08-01 00:00,mm,93,Preliminar
24030300,CEPITA [24030300],PRECIPITACION,Precipitación total mensual,1996-09-01 00:00,mm,115,Preliminar
24030300,CEPITA [24030300],PRECIPITACION,Precipitación total mensual,1996-10-01 00:00,mm,82,Preliminar
24030300,CEPITA [24030300],PRECIPITACION,Precipitación total mensual,1996-11-01 00:00,mm,74,Preliminar
24030300,CEPITA [24030300],PRECIPITACION,Precipitación total mensual,1996-12-01 00:00,mm,39,Preliminar
24030300,CEPITA [24030300],PRECIPITACION,Precipitación total mensual,1997-01-01 00:00,mm,69,Preliminar
24030300,CEPITA [24030300],PRECIPITACION,Precipitación total mensual,1997-02-01 00:00,mm,53,Preliminar
24030300,CEPITA [24030300],PRECIPITACION,Precipitación total mensual,1997-03-01 00:00,mm,56,Preliminar
24030300,CEPITA [24030300],PRECIPITACION,Precipitación total mensual,1997-04-01 00:00,mm,114,Preliminar
24030300,CEPITA [24030300],PRECIPITACION,Precipitación total mensual,1997-05-01 00:00,mm,82,Preliminar
24030300,CEPITA [24030300],PRECIPITACION,Precipitación total mensual,1997-06-01 00:00,mm,38,Preliminar
24030300,CEPITA [24030300],PRECIPITACION,Precipitación total mensual,1997-07-01 00:00,mm,49,Preliminar
24030300,CEPITA [24030300],PRECIPITACION,Precipitación total mensual,1997-08-01 00:00,mm,30,Preliminar
24030300,CEPITA [24030300],PRECIPITACION,Precipitación total mensual,1997-09-01 00:00,mm,182,Preliminar
24030300,CEPITA [24030300],PRECIPITACION,Precipitación total mensual,1997-10-01 00:00,mm,33,Preliminar
24030300,CEPITA [24030300],PRECIPITACION,Precipitación total mensual,1997-11-01 00:00,mm,103,Preliminar
24030300,CEPITA [24030300],PRECIPITACION,Precipitación total mensual,1997-12-01 00:00,mm,0,Preliminar
24030300,CEPITA [24030300],PRECIPITACION,Precipitación total mensual,1998-01-01 00:00,mm,2,Preliminar
24030300,CEPITA [24030300],PRECIPITACION,Precipitación total mensual,1998-02-01 00:00,mm,73,Preliminar
24030300,CEPITA [24030300],PRECIPITACION,Precipitación total mensual,1998-03-01 00:00,mm,67,Preliminar
24030300,CEPITA [24030300],PRECIPITACION,Precipitación total mensual,1998-04-01 00:00,mm,8,Preliminar
24030300,CEPITA [24030300],PRECIPITACION,Precipitación total mensual,1998-05-01 00:00,mm,122,Preliminar
24030300,CEPITA [24030300],PRECIPITACION,Precipitación total mensual,1998-06-01 00:00,mm,62,Preliminar
24030300,CEPITA [24030300],PRECIPITACION,Precipitación total mensual,1998-07-01 00:00,mm,72,Preliminar
24030300,CEPITA [24030300],PRECIPITACION,Precipitación total mensual,1998-08-01 00:00,mm,37,Preliminar
24030300,CEPITA [24030300],PRECIPITACION,Precipitación total mensual,1998-09-01 00:00,mm,65,Preliminar
24030300,CEPITA [24030300],PRECIPITACION,Precipitación total mensual,1998-10-01 00:00,mm,132,Preliminar
24030300,CEPITA [24030300],PRECIPITACION,Precipitación total mensual,1998-11-01 00:00,mm,33,Preliminar
24030300,CEPITA [24030300],PRECIPITACION,Precipitación total mensual,1998-12-01 00:00,mm,30,Preliminar
24030300,CEPITA [24030300],PRECIPITACION,Precipitación total mensual,1999-01-01 00:00,mm,17,Preliminar
24030300,CEPITA [24030300],PRECIPITACION,Precipitación total mensual,1999-02-01 00:00,mm,35,Preliminar
24030300,CEPITA [24030300],PRECIPITACION,Precipitación total mensual,1999-03-01 00:00,mm,7,Preliminar
24030300,CEPITA [24030300],PRECIPITACION,Precipitación total mensual,1999-04-01 00:00,mm,102,Preliminar
24030300,CEPITA [24030300],PRECIPITACION,Precipitación total mensual,1999-05-01 00:00,mm,17,Preliminar
24030300,CEPITA [24030300],PRECIPITACION,Precipitación total mensual,1999-06-01 00:00,mm,69,Preliminar
24030300,CEPITA [24030300],PRECIPITACION,Precipitación total mensual,1999-07-01 00:00,mm,50,Preliminar
24030300,CEPITA [24030300],PRECIPITACION,Precipitación total mensual,1999-08-01 00:00,mm,52.4,Preliminar
24030300,CEPITA [24030300],PRECIPITACION,Precipitación total mensual,1999-09-01 00:00,mm,69.7,Preliminar
24030300,CEPITA [24030300],PRECIPITACION,Precipitación total mensual,1999-10-01 00:00,mm,101.8,Preliminar
24030300,CEPITA [24030300],PRECIPITACION,Precipitación total mensual,1999-11-01 00:00,mm,78.6,Preliminar
24030300,CEPITA [24030300],PRECIPITACION,Precipitación total mensual,1999-12-01 00:00,mm,15.7,Preliminar
24030300,CEPITA [24030300],PRECIPITACION,Precipitación total mensual,2000-01-01 00:00,mm,12.8,Preliminar
24030300,CEPITA [24030300],PRECIPITACION,Precipitación total mensual,2000-02-01 00:00,mm,50.2,Preliminar
24030300,CEPITA [24030300],PRECIPITACION,Precipitación total mensual,2000-03-01 00:00,mm,12.2,Preliminar
24030300,CEPITA [24030300],PRECIPITACION,Precipitación total mensual,2000-04-01 00:00,mm,107,Preliminar
24030300,CEPITA [24030300],PRECIPITACION,Precipitación total mensual,2000-05-01 00:00,mm,8.8,Preliminar
24030300,CEPITA [24030300],PRECIPITACION,Precipitación total mensual,2000-06-01 00:00,mm,27.1,Preliminar
24030300,CEPITA [24030300],PRECIPITACION,Precipitación total mensual,2000-07-01 00:00,mm,40.7,Preliminar
24030300,CEPITA [24030300],PRECIPITACION,Precipitación total mensual,2000-08-01 00:00,mm,46.6,Preliminar
24030300,CEPITA [24030300],PRECIPITACION,Precipitación total mensual,2000-09-01 00:00,mm,108.5,Preliminar
24030300,CEPITA [24030300],PRECIPITACION,Precipitación total mensual,2000-10-01 00:00,mm,44.5,Preliminar
24030300,CEPITA [24030300],PRECIPITACION,Precipitación total mensual,2000-11-01 00:00,mm,49.4,Preliminar
24030300,CEPITA [24030300],PRECIPITACION,Precipitación total mensual,2000-12-01 00:00,mm,15.6,Preliminar
24030300,CEPITA [24030300],PRECIPITACION,Precipitación total mensual,2001-01-01 00:00,mm,60.2,Preliminar
24030300,CEPITA [24030300],PRECIPITACION,Precipitación total mensual,2001-02-01 00:00,mm,102,Preliminar
24030300,CEPITA [24030300],PRECIPITACION,Precipitación total mensual,2001-03-01 00:00,mm,98.8,Preliminar
24030300,CEPITA [24030300],PRECIPITACION,Precipitación total mensual,2001-04-01 00:00,mm,74.1,Preliminar
24030300,CEPITA [24030300],PRECIPITACION,Precipitación total mensual,2001-05-01 00:00,mm,27.1,Preliminar
24030300,CEPITA [24030300],PRECIPITACION,Precipitación total mensual,2001-06-01 00:00,mm,95.1,Preliminar
24030300,CEPITA [24030300],PRECIPITACION,Precipitación total mensual,2001-07-01 00:00,mm,165.6,Preliminar
24030300,CEPITA [24030300],PRECIPITACION,Precipitación total mensual,2001-08-01 00:00,mm,36.7,Preliminar
24030300,CEPITA [24030300],PRECIPITACION,Precipitación total mensual,2001-09-01 00:00,mm,73.1,Preliminar
24030300,CEPITA [24030300],PRECIPITACION,Precipitación total mensual,2001-10-01 00:00,mm,67.8,Preliminar
24030300,CEPITA [24030300],PRECIPITACION,Precipitación total mensual,2001-11-01 00:00,mm,45.9,Preliminar
24030300,CEPITA [24030300],PRECIPITACION,Precipitación total mensual,2001-12-01 00:00,mm,16.6,Preliminar
24030300,CEPITA [24030300],PRECIPITACION,Precipitación total mensual,2002-01-01 00:00,mm,0,Preliminar
24030300,CEPITA [24030300],PRECIPITACION,Precipitación total mensual,2002-02-01 00:00,mm,3.4,Preliminar
24030300,CEPITA [24030300],PRECIPITACION,Precipitación total mensual,2002-03-01 00:00,mm,42,Preliminar
24030300,CEPITA [24030300],PRECIPITACION,Precipitación total mensual,2002-04-01 00:00,mm,74.9,Preliminar
24030300,CEPITA [24030300],PRECIPITACION,Precipitación total mensual,2002-05-01 00:00,mm,54.2,Preliminar
24030300,CEPITA [24030300],PRECIPITACION,Precipitación total mensual,2002-06-01 00:00,mm,53.6,Preliminar
24030300,CEPITA [24030300],PRECIPITACION,Precipitación total mensual,2002-07-01 00:00,mm,72.3,Preliminar
24030300,CEPITA [24030300],PRECIPITACION,Precipitación total mensual,2002-08-01 00:00,mm,78.8,Preliminar
24030300,CEPITA [24030300],PRECIPITACION,Precipitación total mensual,2002-09-01 00:00,mm,80.3,Preliminar
24030300,CEPITA [24030300],PRECIPITACION,Precipitación total mensual,2002-10-01 00:00,mm,30.1,Preliminar
24030300,CEPITA [24030300],PRECIPITACION,Precipitación total mensual,2002-11-01 00:00,mm,21.8,Preliminar
24030300,CEPITA [24030300],PRECIPITACION,Precipitación total mensual,2002-12-01 00:00,mm,55.8,Preliminar
24030300,CEPITA [24030300],PRECIPITACION,Precipitación total mensual,2003-01-01 00:00,mm,7.9,Preliminar
24030300,CEPITA [24030300],PRECIPITACION,Precipitación total mensual,2003-02-01 00:00,mm,107.9,Preliminar
24030300,CEPITA [24030300],PRECIPITACION,Precipitación total mensual,2003-03-01 00:00,mm,115.7,Preliminar
24030300,CEPITA [24030300],PRECIPITACION,Precipitación total mensual,2003-04-01 00:00,mm,195.8,Preliminar
24030300,CEPITA [24030300],PRECIPITACION,Precipitación total mensual,2003-05-01 00:00,mm,26.1,Preliminar
24030300,CEPITA [24030300],PRECIPITACION,Precipitación total mensual,2003-06-01 00:00,mm,51,Preliminar
24030300,CEPITA [24030300],PRECIPITACION,Precipitación total mensual,2003-07-01 00:00,mm,81.5,Preliminar
24030300,CEPITA [24030300],PRECIPITACION,Precipitación total mensual,2003-08-01 00:00,mm,105.6,Preliminar
24030300,CEPITA [24030300],PRECIPITACION,Precipitación total mensual,2003-09-01 00:00,mm,43.4,Preliminar
24030300,CEPITA [24030300],PRECIPITACION,Precipitación total mensual,2003-10-01 00:00,mm,101,Preliminar
24030300,CEPITA [24030300],PRECIPITACION,Precipitación total mensual,2003-11-01 00:00,mm,39.2,Preliminar
24030300,CEPITA [24030300],PRECIPITACION,Precipitación total mensual,2003-12-01 00:00,mm,7.9,Preliminar
24030300,CEPITA [24030300],PRECIPITACION,Precipitación total mensual,2004-01-01 00:00,mm,85.8,Preliminar
24030300,CEPITA [24030300],PRECIPITACION,Precipitación total mensual,2004-02-01 00:00,mm,62.3,Preliminar
24030300,CEPITA [24030300],PRECIPITACION,Precipitación total mensual,2004-03-01 00:00,mm,48.6,Preliminar
24030300,CEPITA [24030300],PRECIPITACION,Precipitación total mensual,2004-04-01 00:00,mm,81.2,Preliminar
24030300,CEPITA [24030300],PRECIPITACION,Precipitación total mensual,2004-05-01 00:00,mm,127.8,Preliminar
24030300,CEPITA [24030300],PRECIPITACION,Precipitación total mensual,2004-06-01 00:00,mm,13.8,Preliminar
24030300,CEPITA [24030300],PRECIPITACION,Precipitación total mensual,2004-07-01 00:00,mm,26,Preliminar
24030300,CEPITA [24030300],PRECIPITACION,Precipitación total mensual,2004-08-01 00:00,mm,4.3,Preliminar
24030300,CEPITA [24030300],PRECIPITACION,Precipitación total mensual,2004-09-01 00:00,mm,87.4,Preliminar
24030300,CEPITA [24030300],PRECIPITACION,Precipitación total mensual,2004-10-01 00:00,mm,95.4,Preliminar
24030300,CEPITA [24030300],PRECIPITACION,Precipitación total mensual,2004-11-01 00:00,mm,85.2,Preliminar
24030300,CEPITA [24030300],PRECIPITACION,Precipitación total mensual,2004-12-01 00:00,mm,10,Preliminar
24030300,CEPITA [24030300],PRECIPITACION,Precipitación total mensual,2005-01-01 00:00,mm,84.6,Preliminar
24030300,CEPITA [24030300],PRECIPITACION,Precipitación total mensual,2005-02-01 00:00,mm,66.2,Preliminar
24030300,CEPITA [24030300],PRECIPITACION,Precipitación total mensual,2005-03-01 00:00,mm,0,Preliminar
24030300,CEPITA [24030300],PRECIPITACION,Precipitación total mensual,2005-04-01 00:00,mm,50,Preliminar
24030300,CEPITA [24030300],PRECIPITACION,Precipitación total mensual,2005-05-01 00:00,mm,169,Preliminar
24030300,CEPITA [24030300],PRECIPITACION,Precipitación total mensual,2005-06-01 00:00,mm,112,Preliminar
24030300,CEPITA [24030300],PRECIPITACION,Precipitación total mensual,2005-07-01 00:00,mm,107,Preliminar
24030300,CEPITA [24030300],PRECIPITACION,Precipitación total mensual,2005-08-01 00:00,mm,84,Preliminar
24030300,CEPITA [24030300],PRECIPITACION,Precipitación total mensual,2005-09-01 00:00,mm,101,Preliminar
24030300,CEPITA [24030300],PRECIPITACION,Precipitación total mensual,2005-10-01 00:00,mm,205,Preliminar
24030300,CEPITA [24030300],PRECIPITACION,Precipitación total mensual,2005-11-01 00:00,mm,220,Preliminar
24030300,CEPITA [24030300],PRECIPITACION,Precipitación total mensual,2005-12-01 00:00,mm,17,Preliminar
24030300,CEPITA [24030300],PRECIPITACION,Precipitación total mensual,2006-01-01 00:00,mm,50,Preliminar
24030300,CEPITA [24030300],PRECIPITACION,Precipitación total mensual,2006-02-01 00:00,mm,34,Preliminar
24030300,CEPITA [24030300],PRECIPITACION,Precipitación total mensual,2006-03-01 00:00,mm,84,Preliminar
24030300,CEPITA [24030300],PRECIPITACION,Precipitación total mensual,2006-04-01 00:00,mm,114,Preliminar
24030300,CEPITA [24030300],PRECIPITACION,Precipitación total mensual,2006-05-01 00:00,mm,208,Preliminar
24030300,CEPITA [24030300],PRECIPITACION,Precipitación total mensual,2006-06-01 00:00,mm,83,Preliminar
24030300,CEPITA [24030300],PRECIPITACION,Precipitación total mensual,2006-07-01 00:00,mm,45,Preliminar
24030300,CEPITA [24030300],PRECIPITACION,Precipitación total mensual,2006-08-01 00:00,mm,105,Preliminar
24030300,CEPITA [24030300],PRECIPITACION,Precipitación total mensual,2006-09-01 00:00,mm,78,Preliminar
24030300,CEPITA [24030300],PRECIPITACION,Precipitación total mensual,2006-11-01 00:00,mm,148.3,Preliminar
24030300,CEPITA [24030300],PRECIPITACION,Precipitación total mensual,2006-12-01 00:00,mm,21,Preliminar
24030300,CEPITA [24030300],PRECIPITACION,Precipitación total mensual,2007-01-01 00:00,mm,21.2,Preliminar
24030300,CEPITA [24030300],PRECIPITACION,Precipitación total mensual,2007-02-01 00:00,mm,2,Preliminar
24030300,CEPITA [24030300],PRECIPITACION,Precipitación total mensual,2007-03-01 00:00,mm,210.9,Preliminar
24030300,CEPITA [24030300],PRECIPITACION,Precipitación total mensual,2007-04-01 00:00,mm,108,Preliminar
24030300,CEPITA [24030300],PRECIPITACION,Precipitación total mensual,2007-05-01 00:00,mm,67.4,Preliminar
24030300,CEPITA [24030300],PRECIPITACION,Precipitación total mensual,2007-06-01 00:00,mm,43.3,Preliminar
24030300,CEPITA [24030300],PRECIPITACION,Precipitación total mensual,2007-07-01 00:00,mm,25.5,Preliminar
24030300,CEPITA [24030300],PRECIPITACION,Precipitación total mensual,2007-08-01 00:00,mm,83.8,Preliminar
24030300,CEPITA [24030300],PRECIPITACION,Precipitación total mensual,2007-09-01 00:00,mm,57.6,Preliminar
24030300,CEPITA [24030300],PRECIPITACION,Precipitación total mensual,2007-10-01 00:00,mm,153.9,Preliminar
24030300,CEPITA [24030300],PRECIPITACION,Precipitación total mensual,2007-12-01 00:00,mm,3,Preliminar
24030300,CEPITA [24030300],PRECIPITACION,Precipitación total mensual,2008-01-01 00:00,mm,0,Preliminar
24030300,CEPITA [24030300],PRECIPITACION,Precipitación total mensual,2008-02-01 00:00,mm,12.6,Preliminar
24030300,CEPITA [24030300],PRECIPITACION,Precipitación total mensual,2008-03-01 00:00,mm,18.6,Preliminar
24030300,CEPITA [24030300],PRECIPITACION,Precipitación total mensual,2008-04-01 00:00,mm,20,Preliminar
24030300,CEPITA [24030300],PRECIPITACION,Precipitación total mensual,2008-05-01 00:00,mm,135.1,Preliminar
24030300,CEPITA [24030300],PRECIPITACION,Precipitación total mensual,2008-06-01 00:00,mm,35,Preliminar
24030300,CEPITA [24030300],PRECIPITACION,Precipitación total mensual,2008-07-01 00:00,mm,53.3,Preliminar
24030300,CEPITA [24030300],PRECIPITACION,Precipitación total mensual,2008-08-01 00:00,mm,143.3,Preliminar
24030300,CEPITA [24030300],PRECIPITACION,Precipitación total mensual,2008-09-01 00:00,mm,83.7,Preliminar
24030300,CEPITA [24030300],PRECIPITACION,Precipitación total mensual,2008-10-01 00:00,mm,129.8,Preliminar
24030300,CEPITA [24030300],PRECIPITACION,Precipitación total mensual,2008-11-01 00:00,mm,0,Preliminar
24030300,CEPITA [24030300],PRECIPITACION,Precipitación total mensual,2009-01-01 00:00,mm,26.4,Preliminar
24030300,CEPITA [24030300],PRECIPITACION,Precipitación total mensual,2009-02-01 00:00,mm,15.3,Preliminar
24030300,CEPITA [24030300],PRECIPITACION,Precipitación total mensual,2009-03-01 00:00,mm,91.5,Preliminar
24030300,CEPITA [24030300],PRECIPITACION,Precipitación total mensual,2009-04-01 00:00,mm,80.7,Preliminar
24030300,CEPITA [24030300],PRECIPITACION,Precipitación total mensual,2009-05-01 00:00,mm,59.4,Preliminar
24030300,CEPITA [24030300],PRECIPITACION,Precipitación total mensual,2009-06-01 00:00,mm,71,Preliminar
24030300,CEPITA [24030300],PRECIPITACION,Precipitación total mensual,2009-07-01 00:00,mm,258.2,Preliminar
24030300,CEPITA [24030300],PRECIPITACION,Precipitación total mensual,2009-08-01 00:00,mm,84.3,Preliminar
24030300,CEPITA [24030300],PRECIPITACION,Precipitación total mensual,2009-09-01 00:00,mm,85.6,Preliminar
24030300,CEPITA [24030300],PRECIPITACION,Precipitación total mensual,2009-10-01 00:00,mm,55.4,Preliminar
24030300,CEPITA [24030300],PRECIPITACION,Precipitación total mensual,2009-11-01 00:00,mm,43,Preliminar
24030300,CEPITA [24030300],PRECIPITACION,Precipitación total mensual,2009-12-01 00:00,mm,18.6,Preliminar
24030300,CEPITA [24030300],PRECIPITACION,Precipitación total mensual,2010-01-01 00:00,mm,0,Preliminar
24030300,CEPITA [24030300],PRECIPITACION,Precipitación total mensual,2010-02-01 00:00,mm,8.2,Preliminar
24030300,CEPITA [24030300],PRECIPITACION,Precipitación total mensual,2010-03-01 00:00,mm,12,Preliminar
24030300,CEPITA [24030300],PRECIPITACION,Precipitación total mensual,2010-04-01 00:00,mm,118.1,Preliminar
24030300,CEPITA [24030300],PRECIPITACION,Precipitación total mensual,2010-05-01 00:00,mm,180.2,Preliminar
24030300,CEPITA [24030300],PRECIPITACION,Precipitación total mensual,2010-06-01 00:00,mm,119.3,Preliminar
24030300,CEPITA [24030300],PRECIPITACION,Precipitación total mensual,2010-07-01 00:00,mm,196,Preliminar
24030300,CEPITA [24030300],PRECIPITACION,Precipitación total mensual,2010-08-01 00:00,mm,118.3,Preliminar
24030300,CEPITA [24030300],PRECIPITACION,Precipitación total mensual,2010-09-01 00:00,mm,147.9,Preliminar
24030300,CEPITA [24030300],PRECIPITACION,Precipitación total mensual,2010-10-01 00:00,mm,299.4,Preliminar
24030300,CEPITA [24030300],PRECIPITACION,Precipitación total mensual,2010-11-01 00:00,mm,425.2,Preliminar
24030300,CEPITA [24030300],PRECIPITACION,Precipitación total mensual,2010-12-01 00:00,mm,383.3,Preliminar
24030300,CEPITA [24030300],PRECIPITACION,Precipitación total mensual,2011-01-01 00:00,mm,15.3,Preliminar
24030300,CEPITA [24030300],PRECIPITACION,Precipitación total mensual,2011-02-01 00:00,mm,40.2,Preliminar
24030300,CEPITA [24030300],PRECIPITACION,Precipitación total mensual,2011-03-01 00:00,mm,60.9,Preliminar
24030300,CEPITA [24030300],PRECIPITACION,Precipitación total mensual,2011-04-01 00:00,mm,179.5,Preliminar
24030300,CEPITA [24030300],PRECIPITACION,Precipitación total mensual,2011-05-01 00:00,mm,65.6,Preliminar
24030300,CEPITA [24030300],PRECIPITACION,Precipitación total mensual,2011-06-01 00:00,mm,47.1,Preliminar
24030300,CEPITA [24030300],PRECIPITACION,Precipitación total mensual,2011-07-01 00:00,mm,27.5,Preliminar
24030300,CEPITA [24030300],PRECIPITACION,Precipitación total mensual,2011-08-01 00:00,mm,100.7,Preliminar
24030300,CEPITA [24030300],PRECIPITACION,Precipitación total mensual,2011-09-01 00:00,mm,80.6,Preliminar
24030300,CEPITA [24030300],PRECIPITACION,Precipitación total mensual,2011-10-01 00:00,mm,184.7,Preliminar
24030300,CEPITA [24030300],PRECIPITACION,Precipitación total mensual,2011-11-01 00:00,mm,34.8,Preliminar
24030300,CEPITA [24030300],PRECIPITACION,Precipitación total mensual,2011-12-01 00:00,mm,13.5,Preliminar
24030300,CEPITA [24030300],PRECIPITACION,Precipitación total mensual,2012-01-01 00:00,mm,113.3,Preliminar
24030300,CEPITA [24030300],PRECIPITACION,Precipitación total mensual,2012-02-01 00:00,mm,51,Preliminar
24030300,CEPITA [24030300],PRECIPITACION,Precipitación total mensual,2012-03-01 00:00,mm,233.2,Preliminar
24030300,CEPITA [24030300],PRECIPITACION,Precipitación total mensual,2012-04-01 00:00,mm,313.5,Preliminar
24030300,CEPITA [24030300],PRECIPITACION,Precipitación total mensual,2012-05-01 00:00,mm,108.3,Preliminar
24030300,CEPITA [24030300],PRECIPITACION,Precipitación total mensual,2012-06-01 00:00,mm,222.3,Preliminar
24030300,CEPITA [24030300],PRECIPITACION,Precipitación total mensual,2012-07-01 00:00,mm,109.5,Preliminar
24030300,CEPITA [24030300],PRECIPITACION,Precipitación total mensual,2012-08-01 00:00,mm,85.1,Preliminar
24030300,CEPITA [24030300],PRECIPITACION,Precipitación total mensual,2012-09-01 00:00,mm,92.2,Preliminar
24030300,CEPITA [24030300],PRECIPITACION,Precipitación total mensual,2012-10-01 00:00,mm,144,Preliminar
24030300,CEPITA [24030300],PRECIPITACION,Precipitación total mensual,2012-11-01 00:00,mm,68,Preliminar
24030300,CEPITA [24030300],PRECIPITACION,Precipitación total mensual,2012-12-01 00:00,mm,0,Preliminar
24030300,CEPITA [24030300],PRECIPITACION,Precipitación total mensual,2013-01-01 00:00,mm,21,Preliminar
24030300,CEPITA [24030300],PRECIPITACION,Precipitación total mensual,2013-02-01 00:00,mm,239.3,Preliminar
24030300,CEPITA [24030300],PRECIPITACION,Precipitación total mensual,2013-03-01 00:00,mm,20,Preliminar
24030300,CEPITA [24030300],PRECIPITACION,Precipitación total mensual,2013-04-01 00:00,mm,49.3,Preliminar
24030300,CEPITA [24030300],PRECIPITACION,Precipitación total mensual,2013-05-01 00:00,mm,73.1,Preliminar
24030300,CEPITA [24030300],PRECIPITACION,Precipitación total mensual,2013-06-01 00:00,mm,11.2,Preliminar
24030300,CEPITA [24030300],PRECIPITACION,Precipitación total mensual,2013-07-01 00:00,mm,2.9,Preliminar
24030300,CEPITA [24030300],PRECIPITACION,Precipitación total mensual,2013-08-01 00:00,mm,134.7,Preliminar
24030300,CEPITA [24030300],PRECIPITACION,Precipitación total mensual,2013-09-01 00:00,mm,24.4,Preliminar
24030300,CEPITA [24030300],PRECIPITACION,Precipitación total mensual,2013-10-01 00:00,mm,117,Preliminar
24030300,CEPITA [24030300],PRECIPITACION,Precipitación total mensual,2013-11-01 00:00,mm,95,Preliminar
24030300,CEPITA [24030300],PRECIPITACION,Precipitación total mensual,2013-12-01 00:00,mm,0,Preliminar
24030300,CEPITA [24030300],PRECIPITACION,Precipitación total mensual,2014-01-01 00:00,mm,31,Preliminar
24030300,CEPITA [24030300],PRECIPITACION,Precipitación total mensual,2014-02-01 00:00,mm,118,Preliminar
24030300,CEPITA [24030300],PRECIPITACION,Precipitación total mensual,2014-03-01 00:00,mm,27,Preliminar
24030300,CEPITA [24030300],PRECIPITACION,Precipitación total mensual,2014-04-01 00:00,mm,72,Preliminar
24030300,CEPITA [24030300],PRECIPITACION,Precipitación total mensual,2014-05-01 00:00,mm,97,Preliminar
24030300,CEPITA [24030300],PRECIPITACION,Precipitación total mensual,2014-06-01 00:00,mm,47,Preliminar
24030300,CEPITA [24030300],PRECIPITACION,Precipitación total mensual,2014-07-01 00:00,mm,67,Preliminar
24030300,CEPITA [24030300],PRECIPITACION,Precipitación total mensual,2014-08-01 00:00,mm,125,Preliminar
24030300,CEPITA [24030300],PRECIPITACION,Precipitación total mensual,2014-09-01 00:00,mm,90,Preliminar
24030300,CEPITA [24030300],PRECIPITACION,Precipitación total mensual,2014-10-01 00:00,mm,209,Preliminar
24030300,CEPITA [24030300],PRECIPITACION,Precipitación total mensual,2014-11-01 00:00,mm,121,Preliminar
24030300,CEPITA [24030300],PRECIPITACION,Precipitación total mensual,2014-12-01 00:00,mm,27,Preliminar
24030300,CEPITA [24030300],PRECIPITACION,Precipitación total mensual,2015-01-01 00:00,mm,11,Preliminar
24030300,CEPITA [24030300],PRECIPITACION,Precipitación total mensual,2015-02-01 00:00,mm,47,Preliminar
24030300,CEPITA [24030300],PRECIPITACION,Precipitación total mensual,2015-03-01 00:00,mm,70,Preliminar
24030300,CEPITA [24030300],PRECIPITACION,Precipitación total mensual,2015-04-01 00:00,mm,51,Preliminar
24030300,CEPITA [24030300],PRECIPITACION,Precipitación total mensual,2015-05-01 00:00,mm,9,Preliminar
24030300,CEPITA [24030300],PRECIPITACION,Precipitación total mensual,2015-06-01 00:00,mm,31,Preliminar
24030300,CEPITA [24030300],PRECIPITACION,Precipitación total mensual,2015-07-01 00:00,mm,8,Preliminar
24030300,CEPITA [24030300],PRECIPITACION,Precipitación total mensual,2015-08-01 00:00,mm,69,Preliminar
24030300,CEPITA [24030300],PRECIPITACION,Precipitación total mensual,2015-09-01 00:00,mm,53,Preliminar
24030300,CEPITA [24030300],PRECIPITACION,Precipitación total mensual,2015-10-01 00:00,mm,46,Preliminar
24030300,CEPITA [24030300],PRECIPITACION,Precipitación total mensual,2015-11-01 00:00,mm,148,Preliminar
24030300,CEPITA [24030300],PRECIPITACION,Precipitación total mensual,2015-12-01 00:00,mm,14,Preliminar
24030300,CEPITA [24030300],PRECIPITACION,Precipitación total mensual,2016-01-01 00:00,mm,43,Preliminar
24030300,CEPITA [24030300],PRECIPITACION,Precipitación total mensual,2016-02-01 00:00,mm,131,Preliminar
24030300,CEPITA [24030300],PRECIPITACION,Precipitación total mensual,2016-03-01 00:00,mm,147,Preliminar
24030300,CEPITA [24030300],PRECIPITACION,Precipitación total mensual,2016-04-01 00:00,mm,154,Preliminar
24030300,CEPITA [24030300],PRECIPITACION,Precipitación total mensual,2016-05-01 00:00,mm,115,Preliminar
24030300,CEPITA [24030300],PRECIPITACION,Precipitación total mensual,2016-06-01 00:00,mm,36,Preliminar
24030300,CEPITA [24030300],PRECIPITACION,Precipitación total mensual,2016-07-01 00:00,mm,25,Preliminar
24030300,CEPITA [24030300],PRECIPITACION,Precipitación total mensual,2016-08-01 00:00,mm,86,Preliminar
24030300,CEPITA [24030300],PRECIPITACION,Precipitación total mensual,2016-09-01 00:00,mm,28,Preliminar
24030300,CEPITA [24030300],PRECIPITACION,Precipitación total mensual,2016-10-01 00:00,mm,140,Preliminar
24030300,CEPITA [24030300],PRECIPITACION,Precipitación total mensual,2016-11-01 00:00,mm,184,Preliminar
24030300,CEPITA [24030300],PRECIPITACION,Precipitación total mensual,2016-12-01 00:00,mm,44,Preliminar
24030300,CEPITA [24030300],PRECIPITACION,Precipitación total mensual,2017-01-01 00:00,mm,42,Preliminar
24030300,CEPITA [24030300],PRECIPITACION,Precipitación total mensual,2017-02-01 00:00,mm,12,Preliminar
24030300,CEPITA [24030300],PRECIPITACION,Precipitación total mensual,2017-03-01 00:00,mm,144,Preliminar
24030300,CEPITA [24030300],PRECIPITACION,Precipitación total mensual,2017-04-01 00:00,mm,157,Preliminar
24030300,CEPITA [24030300],PRECIPITACION,Precipitación total mensual,2017-05-01 00:00,mm,141,Preliminar
24030300,CEPITA [24030300],PRECIPITACION,Precipitación total mensual,2017-06-01 00:00,mm,142,Preliminar
24030300,CEPITA [24030300],PRECIPITACION,Precipitación total mensual,2017-07-01 00:00,mm,97,Preliminar
24030300,CEPITA [24030300],PRECIPITACION,Precipitación total mensual,2017-08-01 00:00,mm,97,Preliminar
24030300,CEPITA [24030300],PRECIPITACION,Precipitación total mensual,2017-09-01 00:00,mm,157,Preliminar
24030300,CEPITA [24030300],PRECIPITACION,Precipitación total mensual,2017-10-01 00:00,mm,98,Preliminar
24030300,CEPITA [24030300],PRECIPITACION,Precipitación total mensual,2017-11-01 00:00,mm,98.4,Preliminar
24030300,CEPITA [24030300],PRECIPITACION,Precipitación total mensual,2017-12-01 00:00,mm,22,Preliminar
24030300,CEPITA [24030300],PRECIPITACION,Precipitación total mensual,2018-01-01 00:00,mm,16,Preliminar
24030300,CEPITA [24030300],PRECIPITACION,Precipitación total mensual,2018-02-01 00:00,mm,0,Preliminar
24030300,CEPITA [24030300],PRECIPITACION,Precipitación total mensual,2018-03-01 00:00,mm,155,Preliminar
24030300,CEPITA [24030300],PRECIPITACION,Precipitación total mensual,2018-04-01 00:00,mm,104,Preliminar
24030300,CEPITA [24030300],PRECIPITACION,Precipitación total mensual,2018-05-01 00:00,mm,237,Preliminar
24030300,CEPITA [24030300],PRECIPITACION,Precipitación total mensual,2018-06-01 00:00,mm,10.4,Preliminar
24030300,CEPITA [24030300],PRECIPITACION,Precipitación total mensual,2018-07-01 00:00,mm,64,Preliminar
24030300,CEPITA [24030300],PRECIPITACION,Precipitación total mensual,2018-08-01 00:00,mm,133,Preliminar
24030300,CEPITA [24030300],PRECIPITACION,Precipitación total mensual,2018-09-01 00:00,mm,169,Preliminar
24030300,CEPITA [24030300],PRECIPITACION,Precipitación total mensual,2018-10-01 00:00,mm,200.5,Preliminar
24030300,CEPITA [24030300],PRECIPITACION,Precipitación total mensual,2018-11-01 00:00,mm,23,Preliminar
24030300,CEPITA [24030300],PRECIPITACION,Precipitación total mensual,2018-12-01 00:00,mm,0,Preliminar
24030300,CEPITA [24030300],PRECIPITACION,Precipitación total mensual,2019-01-01 00:00,mm,40,Preliminar
24030300,CEPITA [24030300],PRECIPITACION,Precipitación total mensual,2019-02-01 00:00,mm,0,Preliminar
24030300,CEPITA [24030300],PRECIPITACION,Precipitación total mensual,2019-03-01 00:00,mm,167,Preliminar
24030300,CEPITA [24030300],PRECIPITACION,Precipitación total mensual,2019-04-01 00:00,mm,65,Preliminar
24030300,CEPITA [24030300],PRECIPITACION,Precipitación total mensual,2019-05-01 00:00,mm,209,Preliminar
24030300,CEPITA [24030300],PRECIPITACION,Precipitación total mensual,2019-06-01 00:00,mm,48,Preliminar
24030300,CEPITA [24030300],PRECIPITACION,Precipitación total mensual,2019-07-01 00:00,mm,23,Preliminar
24030300,CEPITA [24030300],PRECIPITACION,Precipitación total mensual,2019-08-01 00:00,mm,140,Preliminar
24030300,CEPITA [24030300],PRECIPITACION,Precipitación total mensual,2019-09-01 00:00,mm,87,Preliminar
24030300,CEPITA [24030300],PRECIPITACION,Precipitación total mensual,2019-10-01 00:00,mm,81,Preliminar
24030300,CEPITA [24030300],PRECIPITACION,Precipitación total mensual,2019-11-01 00:00,mm,144,Preliminar
24030300,CEPITA [24030300],PRECIPITACION,Precipitación total mensual,2019-12-01 00:00,mm,10,Preliminar
24030300,CEPITA [24030300],PRECIPITACION,Precipitación total mensual,2020-01-01 00:00,mm,70,Preliminar
24030300,CEPITA [24030300],PRECIPITACION,Precipitación total mensual,2020-02-01 00:00,mm,157,Preliminar
24030300,CEPITA [24030300],PRECIPITACION,Precipitación total mensual,2020-03-01 00:00,mm,117,Preliminar
24030300,CEPITA [24030300],PRECIPITACION,Precipitación total mensual,2020-04-01 00:00,mm,158,Preliminar
24030300,CEPITA [24030300],PRECIPITACION,Precipitación total mensual,2020-05-01 00:00,mm,64,Preliminar
24030300,CEPITA [24030300],PRECIPITACION,Precipitación total mensual,2020-06-01 00:00,mm,63,Preliminar
24030300,CEPITA [24030300],PRECIPITACION,Precipitación total mensual,2020-07-01 00:00,mm,144,Preliminar
24030300,CEPITA [24030300],PRECIPITACION,Precipitación total mensual,2020-08-01 00:00,mm,120,Preliminar
24030300,CEPITA [24030300],PRECIPITACION,Precipitación total mensual,2020-09-01 00:00,mm,66,Preliminar
24030300,CEPITA [24030300],PRECIPITACION,Precipitación total mensual,2020-10-01 00:00,mm,169,Preliminar
24030300,CEPITA [24030300],PRECIPITACION,Precipitación total mensual,2020-11-01 00:00,mm,133,Preliminar
24030300,CEPITA [24030300],PRECIPITACION,Precipitación total mensual,2020-12-01 00:00,mm,0,Preliminar
24030300,CEPITA [24030300],PRECIPITACION,Precipitación total mensual,2021-01-01 00:00,mm,0,Preliminar
24030300,CEPITA [24030300],PRECIPITACION,Precipitación total mensual,2021-02-01 00:00,mm,152,Preliminar
24030300,CEPITA [24030300],PRECIPITACION,Precipitación total mensual,2021-03-01 00:00,mm,94,Preliminar
24030300,CEPITA [24030300],PRECIPITACION,Precipitación total mensual,2021-04-01 00:00,mm,145.5,Preliminar
24030300,CEPITA [24030300],PRECIPITACION,Precipitación total mensual,2021-05-01 00:00,mm,195,Preliminar
24030300,CEPITA [24030300],PRECIPITACION,Precipitación total mensual,2021-06-01 00:00,mm,72,Preliminar
24030300,CEPITA [24030300],PRECIPITACION,Precipitación total mensual,2021-07-01 00:00,mm,80,Preliminar
24030300,CEPITA [24030300],PRECIPITACION,Precipitación total mensual,2021-08-01 00:00,mm,194,Preliminar
24030300,CEPITA [24030300],PRECIPITACION,Precipitación total mensual,2021-09-01 00:00,mm,160,Preliminar
24030300,CEPITA [24030300],PRECIPITACION,Precipitación total mensual,2021-10-01 00:00,mm,113,Preliminar
24030300,CEPITA [24030300],PRECIPITACION,Precipitación total mensual,2021-11-01 00:00,mm,80,Preliminar
24030300,CEPITA [24030300],PRECIPITACION,Precipitación total mensual,2021-12-01 00:00,mm,35,Preliminar
24030300,CEPITA [24030300],PRECIPITACION,Precipitación total mensual,2022-01-01 00:00,mm,0,Preliminar
24030300,CEPITA [24030300],PRECIPITACION,Precipitación total mensual,2022-02-01 00:00,mm,162,Preliminar
24030300,CEPITA [24030300],PRECIPITACION,Precipitación total mensual,2022-03-01 00:00,mm,49,Preliminar
24030300,CEPITA [24030300],PRECIPITACION,Precipitación total mensual,2022-04-01 00:00,mm,167,Preliminar
24030300,CEPITA [24030300],PRECIPITACION,Precipitación total mensual,2022-05-01 00:00,mm,93,Preliminar
24030300,CEPITA [24030300],PRECIPITACION,Precipitación total mensual,2022-06-01 00:00,mm,50,Preliminar
24030300,CEPITA [24030300],PRECIPITACION,Precipitación total mensual,2022-07-01 00:00,mm,107,Preliminar
24030300,CEPITA [24030300],PRECIPITACION,Precipitación total mensual,2022-08-01 00:00,mm,163,Preliminar
24030300,CEPITA [24030300],PRECIPITACION,Precipitación total mensual,2022-09-01 00:00,mm,262,Preliminar
24030300,CEPITA [24030300],PRECIPITACION,Precipitación total mensual,2022-10-01 00:00,mm,246,Preliminar
24030300,CEPITA [24030300],PRECIPITACION,Precipitación total mensual,2022-11-01 00:00,mm,133,Preliminar
24030300,CEPITA [24030300],PRECIPITACION,Precipitación total mensual,2022-12-01 00:00,mm,8,Preliminar
24030300,CEPITA [24030300],PRECIPITACION,Precipitación total mensual,2023-01-01 00:00,mm,37,Preliminar
24030300,CEPITA [24030300],PRECIPITACION,Precipitación total mensual,2023-02-01 00:00,mm,127,Preliminar
24030300,CEPITA [24030300],PRECIPITACION,Precipitación total mensual,2023-03-01 00:00,mm,82,Preliminar
24030300,CEPITA [24030300],PRECIPITACION,Precipitación total mensual,2023-04-01 00:00,mm,136,Preliminar
24030300,CEPITA [24030300],PRECIPITACION,Precipitación total mensual,2023-05-01 00:00,mm,149,Preliminar
24030300,CEPITA [24030300],PRECIPITACION,Precipitación total mensual,2023-06-01 00:00,mm,266,Preliminar
24030300,CEPITA [24030300],PRECIPITACION,Precipitación total mensual,2023-07-01 00:00,mm,58,Preliminar
24030300,CEPITA [24030300],PRECIPITACION,Precipitación total mensual,2023-08-01 00:00,mm,104,Preliminar
24030300,CEPITA [24030300],PRECIPITACION,Precipitación total mensual,2023-09-01 00:00,mm,135,Preliminar
24030300,CEPITA [24030300],PRECIPITACION,Precipitación total mensual,2023-10-01 00:00,mm,223,Preliminar
24030300,CEPITA [24030300],PRECIPITACION,Precipitación total mensual,2023-11-01 00:00,mm,88,Preliminar
24030300,CEPITA [24030300],PRECIPITACION,Precipitación total mensual,2023-12-01 00:00,mm,2,Preliminar
24030300,CEPITA [24030300],PRECIPITACION,Precipitación total mensual,2024-01-01 00:00,mm,0,Preliminar
24030300,CEPITA [24030300],PRECIPITACION,Precipitación total mensual,2024-02-01 00:00,mm,234,Preliminar
24030300,CEPITA [24030300],PRECIPITACION,Precipitación total mensual,2024-03-01 00:00,mm,5,Preliminar
24030300,CEPITA [24030300],PRECIPITACION,Precipitación total mensual,2024-04-01 00:00,mm,205,Preliminar
24030300,CEPITA [24030300],PRECIPITACION,Precipitación total mensual,2024-05-01 00:00,mm,311,Preliminar
24030300,CEPITA [24030300],PRECIPITACION,Precipitación total mensual,2024-06-01 00:00,mm,140,Preliminar
24030300,CEPITA [24030300],PRECIPITACION,Precipitación total mensual,2024-07-01 00:00,mm,161,Preliminar
24030300,CEPITA [24030300],PRECIPITACION,Precipitación total mensual,2024-08-01 00:00,mm,117,Preliminar